StartDate;EndDate;Status;Progress;Duration (in seconds);Finished;RecordedDate;ResponseId;DistributionChannel;UserLanguage;consent;dilemma;chicken;offer;respond;public;attention1;risk1;willingness_negRec1;willingness_negRec2;willingness_altruism1;description_posRec1;description_negRec3;description_attention2;description_trust;risk160;risk80;risk40;risk60;risk70;risk50;risk20;risk30;risk10;risk120;risk100;risk90;risk110;risk140;risk150;risk130;risk240;risk200;risk180;risk190;risk170;risk220;risk230;risk210;risk280;risk260;risk270;risk250;risk300;risk290;risk310;posRec2;altruism2;gender;age;valCode
31-5-2018 11:15;31-5-2018 11:21;0;100;352;1;31-5-2018 11:21;R_1MPR9DmikqBULIE;anonymous;EN;1;1;0;5;3;5;6;6;7;1;8;10;0;10;8;1;1;0;0;8;;;;;;;;;;;;;;;;;;;;;;;;;;;2;200;1;3;17090220
31-5-2018 10:48;31-5-2018 10:54;0;100;348;1;31-5-2018 10:54;R_2SudgYkPgpKtHuN;anonymous;EN;1;1;0;3;5;0;6;7;8;5;3;3;5;10;5;1;1;1;;;;0;4;;;;;;;;;;;;;;;;;;;;;;;;1;0;0;3;24060260
31-5-2018 13:43;31-5-2018 13:53;0;100;652;1;31-5-2018 13:53;R_2eQZR9dRYyuR32K;anonymous;EN;1;0;0;5;5;1;6;0;0;0;9;10;0;10;3;1;1;1;;;;1;;1;;;;;;;;;;;;;;;;;;;;;;;3;0;1;6;24972207
31-5-2018 10:48;31-5-2018 10:53;0;100;292;1;31-5-2018 10:53;R_ptHg8eUySGQHEQ1;anonymous;EN;1;0;0;1;3;2;6;3;3;2;6;6;3;10;5;1;0;;;;;;;;0;;;;1;;13;;;;;;;;;;;;;;;;2;25;1;4;28379478
31-5-2018 11:05;31-5-2018 11:09;0;100;226;1;31-5-2018 11:09;R_T1Mjehvjn9sF52V;anonymous;EN;1;0;0;5;1;0;6;6;0;0;10;10;0;10;4;1;0;;;;;;;;0;;;;0;15;;;;;;;;;;;;;;;;;1;0;0;6;34317924
31-5-2018 10:40;31-5-2018 10:47;0;100;376;1;31-5-2018 10:47;R_UsflBwvKjKs1rWN;anonymous;EN;1;1;0;2;3;0;6;4;9;10;6;10;9;10;5;1;1;1;;;;1;;1;;;;;;;;;;;;;;;;;;;;;;;1;10;0;2;35016304
31-5-2018 10:47;31-5-2018 10:59;0;100;707;1;31-5-2018 10:59;R_2R4AZvNize0pFco;anonymous;EN;1;1;0;5;5;4;6;0;2;0;0;9;7;10;2;1;1;0;0;8;;;;;;;;;;;;;;;;;;;;;;;;;;;2;0;1;4;35605862
31-5-2018 10:45;31-5-2018 10:50;0;100;274;1;31-5-2018 10:50;R_sMDUCTOxqOqWnyV;anonymous;EN;1;1;0;3;3;10;6;7;5;6;6;3;5;10;7;1;1;1;;;;0;4;;;;;;;;;;;;;;;;;;;;;;;;1;500;0;3;37206039
31-5-2018 15:33;31-5-2018 15:45;0;100;682;1;31-5-2018 15:45;R_1n9g18K3zOQWpCu;anonymous;EN;1;0;0;5;2;5;6;2;4;4;6;7;2;10;5;1;1;0;1;;6;;;;;;;;;;;;;;;;;;;;;;;;;;4;10;1;6;38935293
31-5-2018 10:37;31-5-2018 10:42;0;100;319;1;31-5-2018 10:42;R_xhkWldswr5SrcLD;anonymous;EN;1;0;0;5;1;1;6;9;0;0;10;10;0;10;10;0;;;;;;;;;;;;;;;;1;1;1;;17;;;;;;;;;;;1;25;1;4;41020534
31-5-2018 10:38;31-5-2018 10:47;0;100;564;1;31-5-2018 10:47;R_41UlOIOyJEyZhUl;anonymous;EN;1;0;1;4;4;2;6;3;0;0;7;10;0;10;9;1;0;;;;;;;;0;;;;0;15;;;;;;;;;;;;;;;;;3;0;1;3;41742977
31-5-2018 10:38;31-5-2018 10:42;0;100;281;1;31-5-2018 10:42;R_8Iz5SrEctkiqlB7;anonymous;EN;1;0;0;5;4;10;6;3;4;3;8;10;1;10;4;1;0;;;;;;;;1;1;10;;;;;;;;;;;;;;;;;;;;4;0;1;3;44005649
31-5-2018 10:37;31-5-2018 10:43;0;100;332;1;31-5-2018 10:43;R_3lLkJjrEsZDfFyf;anonymous;EN;1;0;0;5;5;5;6;6;1;1;10;8;1;10;8;1;0;;;;;;;;1;1;10;;;;;;;;;;;;;;;;;;;;4;100;1;6;51520997
31-5-2018 14:35;31-5-2018 14:43;0;100;470;1;31-5-2018 14:43;R_r0wOwHhpAh6cZ8t;anonymous;EN;1;1;1;5;2;5;6;3;1;1;9;10;0;10;7;1;1;1;;;;0;4;;;;;;;;;;;;;;;;;;;;;;;;2;100;1;4;51932991
31-5-2018 10:41;31-5-2018 10:46;0;100;311;1;31-5-2018 10:46;R_phDiaRinKcs0jo5;anonymous;EN;1;1;0;3;1;0;6;7;0;1;5;8;9;10;9;0;;;;;;;;;;;;;;;;1;1;1;;17;;;;;;;;;;;0;200;0;3;57016532
31-5-2018 11:02;31-5-2018 11:10;0;100;449;1;31-5-2018 11:10;R_3dKtZybMSJ9OXZ0;anonymous;EN;1;0;0;5;5;2;6;7;0;0;10;8;0;10;9;1;1;0;0;7;;;;;;;;;;;;;;;;;;;;;;;;;;;0;100;1;7;69096955
31-5-2018 04:34;31-5-2018 04:38;0;100;230;1;31-5-2018 04:38;R_2CPvu34ZudaYq3C;anonymous;EN;1;0;0;4;5;5;6;6;6;7;6;6;7;;6;0;;;;;;;;;;;;;;;;0;;;;;;;;0;;;;0;;31;4;1000;0;3;83653226
31-5-2018 11:11;31-5-2018 11:22;0;100;624;1;31-5-2018 11:22;R_2TLh1xXSSLQaNzT;anonymous;EN;1;0;1;10;6;10;6;5;4;3;8;10;0;10;6;1;1;0;0;7;;;;;;;;;;;;;;;;;;;;;;;;;;;4;100;1;6;102422442
31-5-2018 12:29;31-5-2018 12:30;0;100;66;1;31-5-2018 12:30;R_31GUYBStErJKSgE;anonymous;EN;1;0;0;1;2;5;6;5;3;4;4;5;5;10;4;0;;;;;;;;;;;;;;;;0;;;;;;;;0;;;;1;29;;3;0;0;3;104730891
31-5-2018 10:50;31-5-2018 10:56;0;100;313;1;31-5-2018 10:56;R_BPce6ZFt2RLEIrn;anonymous;EN;1;0;0;8;4;10;6;6;0;1;10;10;0;10;8;1;1;0;0;7;;;;;;;;;;;;;;;;;;;;;;;;;;;4;400;0;3;108223358
31-5-2018 10:53;31-5-2018 11:02;0;100;524;1;31-5-2018 11:02;R_2UXX2ALpzb4e0DS;anonymous;EN;1;1;1;4;4;0;6;8;3;1;7;6;2;10;4;0;;;;;;;;;;;;;;;;1;1;0;20;;;;;;;;;;;;6;10;0;3;112858861
31-5-2018 13:51;31-5-2018 14:00;0;100;553;1;31-5-2018 14:00;R_ux1vPoFQwHHVxXb;anonymous;EN;1;0;1;6;6;10;6;7;9;6;9;7;3;10;5;1;1;1;;;;0;4;;;;;;;;;;;;;;;;;;;;;;;;3;200;0;3;113273858
31-5-2018 10:41;31-5-2018 10:49;0;100;441;1;31-5-2018 10:49;R_2YMvupciQQrAd2b;anonymous;EN;1;0;0;5;3;2;6;7;5;6;4;10;4;10;5;1;0;;;;;;;;1;0;;11;;;;;;;;;;;;;;;;;;;2;0;0;4;113398413
31-5-2018 10:58;31-5-2018 11:07;0;100;555;1;31-5-2018 11:07;R_1n9JHwIJDBnnsm2;anonymous;EN;1;0;0;4;3;5;6;3;0;6;10;10;0;10;8;0;;;;;;;;;;;;;;;;0;;;;;;;;0;;;;1;29;;4;100;1;3;115644278
31-5-2018 06:53;31-5-2018 06:58;0;100;293;1;31-5-2018 06:58;R_3fy40VWf0XzJTrH;anonymous;EN;1;0;0;5;4;10;6;8;2;5;8;10;0;10;5;1;0;;;;;;;;1;1;10;;;;;;;;;;;;;;;;;;;;5;250;0;2;118872043
31-5-2018 13:53;31-5-2018 13:56;0;100;155;1;31-5-2018 13:56;R_24C4QkrCuddxET8;anonymous;EN;1;0;0;5;1;10;6;3;2;1;8;8;1;10;6;1;0;;;;;;;;0;;;;1;;13;;;;;;;;;;;;;;;;2;75;1;4;120801464
31-5-2018 10:57;31-5-2018 11:02;0;100;297;1;31-5-2018 11:02;R_2qw6ni02hS7BRU2;anonymous;EN;1;0;0;5;2;10;6;3;1;1;9;10;0;10;6;1;1;1;;;;1;;2;;;;;;;;;;;;;;;;;;;;;;;4;50;0;5;127044778
31-5-2018 12:31;31-5-2018 12:39;0;100;483;1;31-5-2018 12:39;R_8FZKy24mALjvTxL;anonymous;EN;1;0;0;5;3;3;6;3;4;4;6;7;3;10;1;1;1;0;0;8;;;;;;;;;;;;;;;;;;;;;;;;;;;4;40;1;4;129965998
31-5-2018 12:48;31-5-2018 12:57;0;100;561;1;31-5-2018 12:57;R_1BPiL1etGSrRHZq;anonymous;EN;1;1;1;5;4;4;6;2;1;5;10;10;1;10;5;1;1;0;1;;5;;;;;;;;;;;;;;;;;;;;;;;;;;6;250;1;6;131522262
31-5-2018 10:37;31-5-2018 10:44;0;100;435;1;31-5-2018 10:44;R_XmFiLrCb6QpNb6V;anonymous;EN;1;1;1;4;3;6;6;7;8;0;3;9;4;10;7;0;;;;;;;;;;;;;;;;1;1;0;20;;;;;;;;;;;;3;0;0;6;134489839
31-5-2018 10:44;31-5-2018 10:47;0;100;184;1;31-5-2018 10:47;R_7aLTv0Fs1JKITqp;anonymous;EN;1;0;0;1;5;2;6;6;4;3;6;3;3;10;5;0;;;;;;;;;;;;;;;;0;;;;;;;;0;;;;0;;32;1;5;0;3;136287518
31-5-2018 10:53;31-5-2018 11:10;0;100;1036;1;31-5-2018 11:10;R_1pLGatAtGwTl4l7;anonymous;EN;1;0;0;3;3;5;6;5;5;5;10;10;5;10;6;1;1;1;;;;1;;2;;;;;;;;;;;;;;;;;;;;;;;4;100;0;3;138020107
31-5-2018 11:14;31-5-2018 11:17;0;100;185;1;31-5-2018 11:17;R_YXJNGCUniceGM6t;anonymous;EN;1;0;1;3;5;10;6;5;0;0;9;0;0;10;5;1;1;1;;;;0;4;;;;;;;;;;;;;;;;;;;;;;;;1;250;1;3;153081694
31-5-2018 10:59;31-5-2018 11:02;0;100;137;1;31-5-2018 11:02;R_3HSyq2G0IUmckNp;anonymous;EN;1;1;1;5;5;0;6;0;1;0;1;7;0;10;7;1;1;1;;;;0;4;;;;;;;;;;;;;;;;;;;;;;;;0;0;1;4;154653589
31-5-2018 10:38;31-5-2018 10:47;0;100;502;1;31-5-2018 10:47;R_2QL4GqL7uL0hNVd;anonymous;EN;1;1;0;5;4;5;6;2;5;4;8;8;5;10;0;0;;;;;;;;;;;;;;;;1;1;1;;17;;;;;;;;;;;6;50;1;5;190742333
31-5-2018 11:31;31-5-2018 11:39;0;100;506;1;31-5-2018 11:39;R_3nw5gXECdACLDiY;anonymous;EN;1;0;0;5;4;5;6;6;4;6;9;10;1;10;7;1;1;0;0;7;;;;;;;;;;;;;;;;;;;;;;;;;;;5;500;0;7;192589793
31-5-2018 11:39;31-5-2018 12:05;0;100;1586;1;31-5-2018 12:05;R_1FR30dPPfDwFOMi;anonymous;EN;1;0;0;5;1;1;6;2;1;0;7;7;3;10;6;1;1;1;;;;0;3;;;;;;;;;;;;;;;;;;;;;;;;4;100;1;3;195110986
31-5-2018 11:45;31-5-2018 11:53;0;100;445;1;31-5-2018 11:53;R_rexh6t4pUo9vdcJ;anonymous;EN;1;0;1;5;4;2;6;2;2;4;7;9;1;10;6;1;0;;;;;;;;1;1;10;;;;;;;;;;;;;;;;;;;;4;200;1;3;198832374
31-5-2018 10:45;31-5-2018 10:52;0;100;375;1;31-5-2018 10:52;R_1jkQ7c8Rv6w43fV;anonymous;EN;1;0;0;5;4;2;6;2;1;1;5;8;1;10;5;1;1;0;0;7;;;;;;;;;;;;;;;;;;;;;;;;;;;4;0;1;3;201376960
31-5-2018 11:15;31-5-2018 11:20;0;100;335;1;31-5-2018 11:20;R_71JmR32zjPu3KRH;anonymous;EN;1;0;0;5;5;5;6;7;0;5;10;10;0;10;9;0;;;;;;;;;;;;;;;;1;1;0;19;;;;;;;;;;;;4;250;1;6;202285184
31-5-2018 08:18;31-5-2018 08:22;0;100;242;1;31-5-2018 08:22;R_suJS7lZCuX2hrdn;anonymous;EN;1;0;0;10;10;10;6;8;8;8;5;7;7;10;6;0;;;;;;;;;;;;;;;;1;1;0;20;;;;;;;;;;;;6;100;0;3;204701511
31-5-2018 10:36;31-5-2018 10:50;0;100;824;1;31-5-2018 10:50;R_2P0wB7rsnw29a9v;anonymous;EN;1;0;0;4;3;2;6;3;0;2;10;10;0;10;7;1;1;0;0;7;;;;;;;;;;;;;;;;;;;;;;;;;;;5;100;0;3;208023524
31-5-2018 10:48;31-5-2018 10:55;0;100;398;1;31-5-2018 10:55;R_3EEetiWKHznOXcq;anonymous;EN;1;0;0;5;2;5;6;0;0;0;10;10;0;10;5;1;1;1;;;;1;;1;;;;;;;;;;;;;;;;;;;;;;;4;50;1;5;211623000
31-5-2018 10:37;31-5-2018 10:42;0;100;274;1;31-5-2018 10:42;R_WedsjYNh57AwtnX;anonymous;EN;1;0;0;5;5;3;6;3;6;0;10;10;0;10;10;1;0;;;;;;;;1;0;;12;;;;;;;;;;;;;;;;;;;1;0;1;3;215166163
31-5-2018 11:13;31-5-2018 11:23;0;100;595;1;31-5-2018 11:23;R_3CPiDMVd9yswmLI;anonymous;EN;1;0;0;5;5;10;6;2;5;3;9;9;1;10;3;1;1;1;;;;0;4;;;;;;;;;;;;;;;;;;;;;;;;4;100;1;4;215183485
31-5-2018 10:48;31-5-2018 10:54;0;100;400;1;31-5-2018 10:54;R_1P79JpWyZGhU4KC;anonymous;EN;1;1;1;5;5;0;6;5;6;5;5;10;4;10;3;1;0;;;;;;;;0;;;;0;15;;;;;;;;;;;;;;;;;5;0;0;4;216364363
31-5-2018 13:38;31-5-2018 13:51;0;100;781;1;31-5-2018 13:51;R_1eK4MwlTwFXqTv4;anonymous;EN;1;0;1;1;2;5;6;6;7;5;6;7;6;10;5;1;1;0;0;8;;;;;;;;;;;;;;;;;;;;;;;;;;;2;10;1;3;219786040
31-5-2018 10:40;31-5-2018 10:59;0;100;1193;1;31-5-2018 10:59;R_1jZIbOzuSJqIu76;anonymous;EN;1;0;0;5;5;5;6;2;0;0;10;10;0;10;5;1;1;1;;;;0;3;;;;;;;;;;;;;;;;;;;;;;;;6;100;1;4;226397917
31-5-2018 10:53;31-5-2018 11:00;0;100;438;1;31-5-2018 11:00;R_2XpKpy2zL6jwvCx;anonymous;EN;1;1;1;3;1;0;6;7;2;0;2;5;1;10;5;1;1;0;0;8;;;;;;;;;;;;;;;;;;;;;;;;;;;1;0;0;3;230179551
31-5-2018 10:43;31-5-2018 10:52;0;100;504;1;31-5-2018 10:52;R_28V8i6XzMZglrqC;anonymous;EN;1;0;1;5;5;10;6;5;10;2;6;10;9;10;2;1;1;1;;;;0;4;;;;;;;;;;;;;;;;;;;;;;;;0;0;0;5;247858032
31-5-2018 10:39;31-5-2018 10:48;0;100;528;1;31-5-2018 10:48;R_DTbDjtO7e9sC6wp;anonymous;EN;1;0;1;5;5;0;6;6;5;6;8;9;4;10;3;1;1;0;1;;5;;;;;;;;;;;;;;;;;;;;;;;;;;5;10;0;7;249314825
31-5-2018 10:44;31-5-2018 10:51;0;100;430;1;31-5-2018 10:51;R_3oQJ2z2pEsvtTrj;anonymous;EN;1;0;0;5;1;10;6;8;1;1;10;8;0;10;8;1;0;;;;;;;;1;1;10;;;;;;;;;;;;;;;;;;;;1;0;0;3;258521931
31-5-2018 11:14;31-5-2018 11:19;0;100;258;1;31-5-2018 11:19;R_1JOTjykc2a5c3Pc;anonymous;EN;1;0;1;5;4;5;6;8;5;5;5;8;5;10;6;1;1;1;;;;1;;2;;;;;;;;;;;;;;;;;;;;;;;1;20;0;5;258769678
31-5-2018 12:12;31-5-2018 12:20;0;100;460;1;31-5-2018 12:20;R_2tbx2FKZqnMwfXt;anonymous;EN;1;0;0;5;4;3;6;4;6;3;7;8;4;10;5;1;0;;;;;;;;0;;;;0;15;;;;;;;;;;;;;;;;;6;85;0;3;263463527
31-5-2018 10:36;31-5-2018 10:46;0;100;603;1;31-5-2018 10:46;R_2VsU9L0HubzF6PZ;anonymous;EN;1;1;1;3;1;0;6;7;4;3;7;7;1;10;5;1;0;;;;;;;;1;1;10;;;;;;;;;;;;;;;;;;;;4;20;1;5;267316777
31-5-2018 10:42;31-5-2018 11:00;0;100;1088;1;31-5-2018 11:00;R_ST4JXW3ZqTw9Y6B;anonymous;EN;1;0;0;5;1;5;6;6;1;1;9;10;0;10;8;0;;;;;;;;;;;;;;;;1;1;1;;18;;;;;;;;;;;2;250;1;3;269233193
31-5-2018 10:40;31-5-2018 10:50;0;100;578;1;31-5-2018 10:50;R_RKxjbvVoAp3yQPT;anonymous;EN;1;1;1;5;3;6;6;5;2;2;5;5;0;10;5;1;1;0;0;8;;;;;;;;;;;;;;;;;;;;;;;;;;;2;0;0;4;278259274
31-5-2018 10:38;31-5-2018 10:44;0;100;350;1;31-5-2018 10:44;R_1IoPa6eYBPChRmS;anonymous;EN;1;0;1;5;5;5;6;4;2;2;6;8;1;10;7;1;0;;;;;;;;1;1;9;;;;;;;;;;;;;;;;;;;;2;10;1;4;278742037
31-5-2018 10:43;31-5-2018 10:49;0;100;384;1;31-5-2018 10:49;R_1LuPZsw2UMgi2UL;anonymous;EN;1;0;0;5;5;10;6;3;8;7;8;9;6;10;2;1;0;;;;;;;;0;;;;0;15;;;;;;;;;;;;;;;;;6;0;0;5;281069871
31-5-2018 10:37;31-5-2018 10:42;0;100;272;1;31-5-2018 10:42;R_2AXZ2dLNSkZdsiM;anonymous;EN;1;0;0;5;5;4;6;6;3;1;6;9;2;10;8;1;0;;;;;;;;0;;;;0;15;;;;;;;;;;;;;;;;;6;100;1;3;282026918
31-5-2018 13:01;31-5-2018 13:18;0;100;1027;1;31-5-2018 13:18;R_Yaxq6DUbTKOtNVn;anonymous;EN;1;0;0;4;5;0;6;7;3;5;4;4;7;10;6;1;0;;;;;;;;1;0;;11;;;;;;;;;;;;;;;;;;;2;50;1;3;284264232
31-5-2018 13:20;31-5-2018 13:33;0;100;817;1;31-5-2018 13:34;R_1IJWVuunqPrICFj;anonymous;EN;1;0;0;5;5;10;6;7;8;10;8;10;2;10;2;1;1;1;;;;0;4;;;;;;;;;;;;;;;;;;;;;;;;2;5;0;3;284567053
31-5-2018 10:38;31-5-2018 10:51;0;100;790;1;31-5-2018 10:51;R_3EGzasK4hfexWNf;anonymous;EN;1;1;1;5;5;0;6;7;7;8;10;10;7;10;3;0;;;;;;;;;;;;;;;;1;1;1;;17;;;;;;;;;;;1;100;0;4;287754855
31-5-2018 10:49;31-5-2018 10:53;0;100;274;1;31-5-2018 10:53;R_1exfQ2pDdInp20C;anonymous;EN;1;0;1;5;4;8;6;6;5;4;6;7;8;10;4;1;0;;;;;;;;0;;;;1;;14;;;;;;;;;;;;;;;;5;5;0;3;292944980
31-5-2018 10:43;31-5-2018 10:47;0;100;228;1;31-5-2018 10:47;R_2zqhDsWiLaQGVB6;anonymous;EN;1;1;1;5;4;0;6;8;10;0;0;5;2;10;0;1;0;;;;;;;;0;;;;0;15;;;;;;;;;;;;;;;;;0;0;0;4;295762231
31-5-2018 11:14;31-5-2018 11:20;0;100;369;1;31-5-2018 11:20;R_1eDZ1xugjpbYkar;anonymous;EN;1;1;0;3;1;5;6;3;4;4;6;8;7;10;3;1;1;0;0;8;;;;;;;;;;;;;;;;;;;;;;;;;;;1;10;1;3;299665323
31-5-2018 11:16;31-5-2018 11:22;0;100;361;1;31-5-2018 11:22;R_UMTTQ5I2spuhDiN;anonymous;EN;1;0;1;1;1;2;6;9;1;4;10;10;0;10;6;1;0;;;;;;;;1;1;10;;;;;;;;;;;;;;;;;;;;4;5;0;4;301028165
31-5-2018 10:48;31-5-2018 10:59;0;100;652;1;31-5-2018 10:59;R_tKcUPuHlgh17qEh;anonymous;EN;1;0;0;5;4;6;6;2;3;3;10;10;4;10;7;1;1;0;1;;6;;;;;;;;;;;;;;;;;;;;;;;;;;4;100;1;3;302410443
31-5-2018 11:45;31-5-2018 11:50;0;100;277;1;31-5-2018 11:50;R_2wNcnYw7cF7J13G;anonymous;EN;1;0;1;5;1;10;6;2;3;5;10;10;0;10;5;1;1;0;0;8;;;;;;;;;;;;;;;;;;;;;;;;;;;4;0;0;4;302833698
31-5-2018 10:39;31-5-2018 10:51;0;100;726;1;31-5-2018 10:51;R_3HueHorj4UPQJVN;anonymous;EN;1;1;1;5;1;0;6;7;2;2;5;8;1;10;0;1;0;;;;;;;;0;;;;0;15;;;;;;;;;;;;;;;;;4;0;0;3;307452522
31-5-2018 12:36;31-5-2018 12:40;0;100;234;1;31-5-2018 12:40;R_6lBdYNeXcxhmQbD;anonymous;EN;1;1;1;3;5;0;6;1;3;3;6;10;0;10;7;0;;;;;;;;;;;;;;;;1;1;0;20;;;;;;;;;;;;0;0;1;4;312856483
31-5-2018 12:46;31-5-2018 12:55;0;100;534;1;31-5-2018 12:55;R_DeEiHnXvr5p74m5;anonymous;EN;1;1;0;2;1;0;6;3;1;1;9;10;1;10;5;1;1;1;;;;0;4;;;;;;;;;;;;;;;;;;;;;;;;5;100;1;7;314415636
31-5-2018 10:40;31-5-2018 10:43;0;100;134;1;31-5-2018 10:43;R_1rJQ2ARv8zz83hC;anonymous;EN;1;0;0;3;5;10;6;7;3;6;10;8;5;10;6;0;;;;;;;;;;;;;;;;1;0;;;;0;24;;;;;;;;;0;100;0;3;334079724
31-5-2018 06:43;31-5-2018 06:48;0;100;270;1;31-5-2018 06:48;R_8IxFAMIKd0eWxr3;anonymous;EN;1;1;0;3;2;4;6;4;1;2;7;9;1;10;5;1;0;;;;;;;;1;1;10;;;;;;;;;;;;;;;;;;;;4;100;1;4;336250955
31-5-2018 11:13;31-5-2018 11:19;0;100;351;1;31-5-2018 11:19;R_D6jmT88rD64LrI5;anonymous;EN;1;1;0;4;4;5;6;7;0;0;7;9;0;10;4;1;1;0;1;;6;;;;;;;;;;;;;;;;;;;;;;;;;;1;50;1;6;339146692
31-5-2018 15:15;31-5-2018 15:23;0;100;456;1;31-5-2018 15:23;R_p4Lyb5X8uGVAslH;anonymous;EN;1;0;0;3;1;10;6;3;0;0;7;10;0;10;10;1;0;;;;;;;;1;1;9;;;;;;;;;;;;;;;;;;;;4;100;1;4;354029530
31-5-2018 10:48;31-5-2018 10:53;0;100;340;1;31-5-2018 10:53;R_2w6IX4XZnRBIcbv;anonymous;EN;1;1;1;5;4;0;6;3;6;4;5;10;5;10;5;1;0;;;;;;;;0;;;;1;;13;;;;;;;;;;;;;;;;5;0;0;4;355421860
31-5-2018 11:13;31-5-2018 11:22;0;100;552;1;31-5-2018 11:22;R_AhpTusi4N1qDxq9;anonymous;EN;1;0;0;5;1;5;6;2;0;0;5;10;1;10;7;1;1;1;;;;1;;2;;;;;;;;;;;;;;;;;;;;;;;1;10;0;3;355974210
31-5-2018 04:36;31-5-2018 04:51;0;100;932;1;31-5-2018 04:51;R_3pcim8S0a0zay6S;anonymous;EN;1;1;1;3;5;10;6;2;5;8;10;10;1;;6;1;1;0;0;7;;;;;;;;;;;;;;;;;;;;;;;;;;;6;200;1;7;360128519
31-5-2018 10:44;31-5-2018 10:53;0;100;539;1;31-5-2018 10:53;R_2DY3fve65xApHwG;anonymous;EN;1;1;0;4;4;5;6;3;1;1;8;9;1;10;3;0;;;;;;;;;;;;;;;;1;1;0;20;;;;;;;;;;;;3;100;0;3;378600550
31-5-2018 10:54;31-5-2018 10:56;0;100;101;1;31-5-2018 10:56;R_1dEo9Zv4uvcqYJb;anonymous;EN;1;0;0;5;5;5;6;7;8;8;8;7;7;10;7;0;;;;;;;;;;;;;;;;1;1;1;;17;;;;;;;;;;;3;200;0;3;384701419
31-5-2018 10:38;31-5-2018 10:44;0;100;320;1;31-5-2018 10:44;R_1djm0GsFMmrXsOr;anonymous;EN;1;0;0;4;2;3;6;3;3;6;8;8;1;10;8;1;0;;;;;;;;1;1;10;;;;;;;;;;;;;;;;;;;;4;100;1;4;392487641
31-5-2018 11:13;31-5-2018 11:27;0;100;832;1;31-5-2018 11:27;R_qXupaenvj9dfYoF;anonymous;EN;1;0;1;3;4;3;6;4;8;7;9;10;3;10;5;1;1;0;0;7;;;;;;;;;;;;;;;;;;;;;;;;;;;3;125;0;5;405558225
31-5-2018 11:48;31-5-2018 11:56;0;100;444;1;31-5-2018 11:56;R_1C7RhIv4hlZQNdh;anonymous;EN;1;0;0;3;5;5;6;4;0;0;10;10;0;10;7;1;1;0;0;8;;;;;;;;;;;;;;;;;;;;;;;;;;;4;50;1;6;408504173
31-5-2018 13:46;31-5-2018 13:57;0;100;633;1;31-5-2018 13:57;R_1HjeQhSvkr2IYoH;anonymous;EN;1;0;0;4;7;5;6;6;4;6;6;2;5;10;8;0;;;;;;;;;;;;;;;;0;;;;;;;;;1;;25;;;;4;0;0;3;417288750
31-5-2018 07:53;31-5-2018 07:59;0;100;353;1;31-5-2018 07:59;R_PFe2PqrTP6Y0Pq9;anonymous;EN;1;0;0;3;7;10;6;8;9;8;8;9;8;10;8;0;;;;;;;;;;;;;;;;0;;;;;;;;1;1;;25;;;;3;700;0;3;445477194
31-5-2018 10:42;31-5-2018 10:47;0;100;263;1;31-5-2018 10:47;R_1o87ZN3D6TiU5e5;anonymous;EN;1;0;0;3;1;3;6;8;5;3;6;5;4;10;6;0;;;;;;;;;;;;;;;;0;;;;;;;;0;;;;0;;31;2;600;0;3;456310156
31-5-2018 11:21;31-5-2018 11:35;0;100;803;1;31-5-2018 11:35;R_3n5Usrnan6AmY3C;anonymous;EN;1;0;0;5;1;5;6;6;0;10;10;10;0;10;10;1;1;1;;;;0;3;;;;;;;;;;;;;;;;;;;;;;;;6;300;1;4;469084563
31-5-2018 11:57;31-5-2018 12:02;0;100;347;1;31-5-2018 12:02;R_2rTISEgtmkJppAU;anonymous;EN;1;0;0;5;4;6;6;8;3;7;9;10;0;10;9;1;0;;;;;;;;1;1;10;;;;;;;;;;;;;;;;;;;;6;300;1;3;469526293
31-5-2018 10:36;31-5-2018 10:42;0;100;307;1;31-5-2018 10:42;R_YPkPp63v5Mnu6xb;anonymous;EN;1;0;1;1;4;2;6;6;7;3;10;10;6;10;5;1;0;;;;;;;;1;1;9;;;;;;;;;;;;;;;;;;;;2;0;1;3;473558991
31-5-2018 10:55;31-5-2018 11:05;0;100;584;1;31-5-2018 11:05;R_Tj5LbvzGvThWxUJ;anonymous;EN;1;0;0;5;1;10;6;5;0;1;5;10;0;10;8;1;0;;;;;;;;1;1;10;;;;;;;;;;;;;;;;;;;;5;200;0;4;474549492
31-5-2018 10:39;31-5-2018 10:44;0;100;256;1;31-5-2018 10:44;R_a41LnLa0PBqxu4V;anonymous;EN;1;0;0;5;2;10;6;3;3;6;10;10;1;10;7;1;1;1;;;;0;4;;;;;;;;;;;;;;;;;;;;;;;;6;500;1;4;474928466
31-5-2018 04:32;31-5-2018 04:37;0;100;337;1;31-5-2018 04:37;R_2YJTkRyiairmP8y;anonymous;EN;1;1;0;5;5;0;6;1;5;0;1;9;4;;0;1;1;1;;;;1;;2;;;;;;;;;;;;;;;;;;;;;;;1;0;1;2;475660891
31-5-2018 10:36;31-5-2018 10:41;0;100;269;1;31-5-2018 10:41;R_3EMty5W8lKvP53K;anonymous;EN;1;0;0;3;5;2;6;8;7;7;7;9;8;10;8;1;1;1;;;;0;4;;;;;;;;;;;;;;;;;;;;;;;;1;100;0;3;481989783
31-5-2018 14:19;31-5-2018 14:28;0;100;547;1;31-5-2018 14:28;R_2SI98gi1N9wGszT;anonymous;EN;1;0;0;10;3;10;6;5;0;0;10;10;0;10;9;1;1;1;;;;0;3;;;;;;;;;;;;;;;;;;;;;;;;6;100;1;5;486973570
31-5-2018 07:40;31-5-2018 07:50;0;100;572;1;31-5-2018 07:50;R_74oAsN1sHjUIvqp;anonymous;EN;1;0;0;5;4;10;6;7;4;3;8;10;1;10;5;1;0;;;;;;;;0;;;;1;;14;;;;;;;;;;;;;;;;4;20;0;7;488838410
31-5-2018 11:06;31-5-2018 11:14;0;100;498;1;31-5-2018 11:14;R_cwpIzFjEA64rcmR;anonymous;EN;1;0;0;5;5;0;6;5;4;2;6;7;1;10;3;1;1;1;;;;0;4;;;;;;;;;;;;;;;;;;;;;;;;0;50;1;3;496822494
31-5-2018 10:47;31-5-2018 10:50;0;100;203;1;31-5-2018 10:50;R_3GrYmCm16R2mqmL;anonymous;EN;1;0;0;5;2;5;6;5;6;7;10;10;3;10;6;1;1;0;0;8;;;;;;;;;;;;;;;;;;;;;;;;;;;2;100;1;3;501390791
31-5-2018 11:28;31-5-2018 11:36;0;100;498;1;31-5-2018 11:36;R_23f3dwPu5umXTQT;anonymous;EN;1;0;0;4;1;10;6;7;2;2;6;8;1;10;7;1;0;;;;;;;;1;1;10;;;;;;;;;;;;;;;;;;;;6;100;1;6;512389683
31-5-2018 10:37;31-5-2018 10:44;0;100;368;1;31-5-2018 10:44;R_BY8ToRzW1KIkLRL;anonymous;EN;1;1;1;1;6;3;6;8;7;8;8;7;2;10;8;1;1;0;0;7;;;;;;;;;;;;;;;;;;;;;;;;;;;1;2;0;3;534535872
31-5-2018 12:04;31-5-2018 12:07;0;100;220;1;31-5-2018 12:07;R_vej8ys6LEjmXia5;anonymous;EN;1;1;1;3;3;4;6;5;5;6;7;8;2;10;2;1;0;;;;;;;;1;1;9;;;;;;;;;;;;;;;;;;;;3;500;1;3;541437297
31-5-2018 10:44;31-5-2018 10:52;0;100;495;1;31-5-2018 10:52;R_6ilkNB1p3ktb9kJ;anonymous;EN;1;1;1;4;1;0;6;2;2;1;6;10;2;10;1;1;1;0;1;;5;;;;;;;;;;;;;;;;;;;;;;;;;;5;10;0;4;553102346
31-5-2018 13:36;31-5-2018 13:51;0;100;909;1;31-5-2018 13:51;R_Ayt0tQmWwVPZYhH;anonymous;EN;1;0;0;4;3;0;6;1;2;2;5;9;0;10;4;1;1;1;;;;1;;1;;;;;;;;;;;;;;;;;;;;;;;4;50;1;7;555276770
31-5-2018 12:54;31-5-2018 13:04;0;100;601;1;31-5-2018 13:04;R_1DZPW4vWK9i2p53;anonymous;EN;1;1;1;2;5;5;6;5;8;8;10;10;2;10;1;1;1;0;1;;5;;;;;;;;;;;;;;;;;;;;;;;;;;4;500;1;4;555661760
31-5-2018 12:30;31-5-2018 12:38;0;100;507;1;31-5-2018 12:38;R_3eq7bAFmw307Xz6;anonymous;EN;1;1;0;5;5;2;6;3;1;1;7;9;0;10;6;1;1;1;;;;0;4;;;;;;;;;;;;;;;;;;;;;;;;6;0;1;5;564067576
31-5-2018 11:11;31-5-2018 11:19;0;100;461;1;31-5-2018 11:19;R_WBbG30RGyQgY8FP;anonymous;EN;1;0;0;5;5;5;6;2;2;2;9;10;0;10;5;1;1;0;1;;6;;;;;;;;;;;;;;;;;;;;;;;;;;5;200;0;6;580633764
31-5-2018 10:37;31-5-2018 10:42;0;100;259;1;31-5-2018 10:42;R_3IcOAbmhvxgWMLw;anonymous;EN;1;0;0;5;5;10;6;3;6;4;7;10;3;10;9;1;0;;;;;;;;1;1;9;;;;;;;;;;;;;;;;;;;;4;50;1;4;581049624
31-5-2018 10:43;31-5-2018 10:50;0;100;382;1;31-5-2018 10:50;R_11ZVq5JzxwBJz0Q;anonymous;EN;1;0;0;5;5;10;6;1;8;8;8;8;5;10;4;1;1;0;0;8;;;;;;;;;;;;;;;;;;;;;;;;;;;6;100;0;3;584489088
31-5-2018 10:51;31-5-2018 10:56;0;100;281;1;31-5-2018 10:56;R_3KoNh6ext0Yi3wE;anonymous;EN;1;0;0;5;1;5;6;8;1;2;10;10;0;10;4;1;1;1;;;;1;;2;;;;;;;;;;;;;;;;;;;;;;;4;500;1;3;586160671
31-5-2018 10:42;31-5-2018 10:48;0;100;413;1;31-5-2018 10:48;R_Zrw3tsadXcsclVv;anonymous;EN;1;1;0;5;1;5;6;5;3;4;8;8;1;10;6;1;0;;;;;;;;1;0;;12;;;;;;;;;;;;;;;;;;;4;100;0;4;610296294
31-5-2018 12:15;31-5-2018 12:21;0;100;387;1;31-5-2018 12:21;R_3q8rxdMD6PIsZZ5;anonymous;EN;1;0;1;1;5;0;6;4;7;6;10;10;7;10;6;1;1;1;;;;0;4;;;;;;;;;;;;;;;;;;;;;;;;4;100;1;4;613757332
31-5-2018 11:17;31-5-2018 11:25;0;100;455;1;31-5-2018 11:25;R_323bhsdSfgdqPfp;anonymous;EN;1;1;0;5;5;0;6;0;3;1;7;7;2;10;6;1;1;1;;;;0;4;;;;;;;;;;;;;;;;;;;;;;;;4;0;1;4;619592367
31-5-2018 10:51;31-5-2018 10:54;0;100;160;1;31-5-2018 10:54;R_3JIVO9UEWdzEO7D;anonymous;EN;1;0;0;0;1;4;6;3;9;8;7;7;4;10;5;1;1;1;;;;1;;1;;;;;;;;;;;;;;;;;;;;;;;0;10;0;3;619892246
31-5-2018 07:16;31-5-2018 07:19;0;100;200;1;31-5-2018 07:19;R_3m3pyTGaMArIdmg;anonymous;EN;1;0;0;5;4;10;6;3;0;5;5;10;0;10;7;0;;;;;;;;;;;;;;;;1;1;1;;18;;;;;;;;;;;4;0;1;2;620349756
31-5-2018 12:31;31-5-2018 12:32;0;100;59;1;31-5-2018 12:32;R_1eqnU8dBmohJzhD;anonymous;EN;1;0;0;3;3;3;6;6;5;7;7;7;3;10;7;0;;;;;;;;;;;;;;;;1;0;;;;1;;21;;;;;;;;3;250;0;3;633143296
31-5-2018 15:18;31-5-2018 15:23;0;100;266;1;31-5-2018 15:23;R_2TXaPJjGJ6k5K2N;anonymous;EN;1;1;0;5;1;0;6;2;1;1;0;7;1;10;3;1;0;;;;;;;;0;;;;1;;13;;;;;;;;;;;;;;;;6;0;0;4;649676567
31-5-2018 08:17;31-5-2018 08:24;0;100;393;1;31-5-2018 08:24;R_2VkxHRa5LShXV4T;anonymous;EN;1;1;0;4;5;1;6;8;1;3;10;10;0;10;10;1;0;;;;;;;;0;;;;0;15;;;;;;;;;;;;;;;;;6;500;1;7;660723088
31-5-2018 11:09;31-5-2018 11:18;0;100;519;1;31-5-2018 11:18;R_b1PnFZmzQuNkGY1;anonymous;EN;1;1;1;0;7;0;6;5;0;0;0;1;0;10;1;1;1;1;;;;1;;1;;;;;;;;;;;;;;;;;;;;;;;1;0;1;6;664754018
31-5-2018 11:00;31-5-2018 11:09;0;100;547;1;31-5-2018 11:09;R_3p5oSnv5Q8MrQBY;anonymous;EN;1;1;1;5;4;0;6;3;9;7;7;9;5;10;3;1;1;0;1;;5;;;;;;;;;;;;;;;;;;;;;;;;;;5;100;0;5;665464577
31-5-2018 08:53;31-5-2018 09:00;0;100;394;1;31-5-2018 09:00;R_2zkhhlWVbzMjZI8;anonymous;EN;1;1;0;5;2;8;6;3;3;2;7;9;3;10;6;1;0;;;;;;;;1;0;;11;;;;;;;;;;;;;;;;;;;4;50;0;6;675236709
31-5-2018 10:54;31-5-2018 11:04;0;100;593;1;31-5-2018 11:04;R_2B2MpyZ7cuxfpyd;anonymous;EN;1;0;0;5;4;5;6;6;1;1;8;10;1;10;5;1;1;1;;;;0;4;;;;;;;;;;;;;;;;;;;;;;;;2;50;1;7;675409158
31-5-2018 10:41;31-5-2018 10:49;0;100;484;1;31-5-2018 10:49;R_3qDrV3YU0z0H7uj;anonymous;EN;1;0;0;5;5;5;6;0;0;7;9;10;0;10;8;1;1;1;;;;1;;1;;;;;;;;;;;;;;;;;;;;;;;6;200;1;6;677295583
31-5-2018 14:25;31-5-2018 14:29;0;100;236;1;31-5-2018 14:29;R_XKQZvoWiR5RbIS5;anonymous;EN;1;1;0;3;7;10;6;0;0;0;6;1;1;10;7;1;0;;;;;;;;1;0;;11;;;;;;;;;;;;;;;;;;;1;500;1;3;678959342
31-5-2018 10:44;31-5-2018 10:48;0;100;245;1;31-5-2018 10:48;R_2VlrbtG8kvyQ022;anonymous;EN;1;1;0;3;3;2;6;8;6;4;4;6;2;10;5;1;0;;;;;;;;0;;;;1;;13;;;;;;;;;;;;;;;;0;0;0;2;686337943
31-5-2018 10:48;31-5-2018 10:53;0;100;346;1;31-5-2018 10:53;R_sdsRmAidj4J2U8h;anonymous;EN;1;0;0;5;4;10;6;2;1;1;8;9;1;10;3;1;1;1;;;;0;4;;;;;;;;;;;;;;;;;;;;;;;;4;100;1;3;688822868
31-5-2018 08:17;31-5-2018 08:45;0;100;1689;1;31-5-2018 08:45;R_T4O69LxxfrM1hKx;anonymous;EN;1;0;0;5;1;10;6;4;3;7;4;5;3;10;5;1;0;;;;;;;;0;;;;0;15;;;;;;;;;;;;;;;;;3;100;0;3;688867044
31-5-2018 14:22;31-5-2018 14:25;0;100;186;1;31-5-2018 14:25;R_Z7ZEsn7QpVdyHV7;anonymous;EN;1;1;0;3;1;5;6;3;3;4;6;6;4;10;3;1;1;0;0;7;;;;;;;;;;;;;;;;;;;;;;;;;;;2;100;0;3;689029380
31-5-2018 12:48;31-5-2018 13:09;0;100;1206;1;31-5-2018 13:09;R_3fMG8Gd1Zw04LMX;anonymous;EN;1;0;0;0;5;5;6;1;7;7;10;9;1;10;5;1;0;;;;;;;;1;0;;12;;;;;;;;;;;;;;;;;;;4;20;0;3;689458843
31-5-2018 11:06;31-5-2018 11:14;0;100;431;1;31-5-2018 11:14;R_8D3ZkHeSkxRTU8p;anonymous;EN;1;1;0;5;2;3;6;2;1;1;9;10;0;10;3;1;1;1;;;;0;4;;;;;;;;;;;;;;;;;;;;;;;;4;100;1;3;690571870
31-5-2018 12:52;31-5-2018 13:00;0;100;481;1;31-5-2018 13:00;R_3isynIL2LsFTt0u;anonymous;EN;1;0;0;5;1;10;6;9;4;4;9;8;1;10;3;1;0;;;;;;;;0;;;;1;;13;;;;;;;;;;;;;;;;1;50;1;4;695009325
31-5-2018 12:46;31-5-2018 13:00;0;100;830;1;31-5-2018 13:00;R_27Cr565NkSCAc9z;anonymous;EN;1;1;1;5;5;0;6;1;8;5;10;10;7;10;2;1;1;0;0;8;;;;;;;;;;;;;;;;;;;;;;;;;;;0;20;0;5;696097058
31-5-2018 15:07;31-5-2018 15:22;0;100;872;1;31-5-2018 15:22;R_2bWDmKccwg5K7nZ;anonymous;EN;1;0;0;5;4;10;6;1;6;6;9;9;6;10;4;1;1;0;1;;5;;;;;;;;;;;;;;;;;;;;;;;;;;1;0;1;6;698126836
31-5-2018 14:03;31-5-2018 14:12;0;100;529;1;31-5-2018 14:12;R_3LZrNiEDEAezz5g;anonymous;EN;1;0;0;5;4;10;6;3;6;6;9;10;1;10;7;1;1;0;0;7;;;;;;;;;;;;;;;;;;;;;;;;;;;5;100;0;5;700622073
31-5-2018 13:05;31-5-2018 13:15;0;100;627;1;31-5-2018 13:15;R_1obWrbNpxhPsz1q;anonymous;EN;1;1;0;4;4;0;6;5;4;4;7;8;2;10;5;1;0;;;;;;;;1;1;10;;;;;;;;;;;;;;;;;;;;4;100;0;5;703443234
31-5-2018 10:38;31-5-2018 10:43;0;100;257;1;31-5-2018 10:43;R_czHxAWNvfv9ZFQt;anonymous;EN;1;0;0;5;1;1;6;0;1;1;4;6;1;10;2;1;1;0;0;7;;;;;;;;;;;;;;;;;;;;;;;;;;;3;100;1;3;707249160
31-5-2018 06:51;31-5-2018 07:00;0;100;589;1;31-5-2018 07:00;R_2uTIrjRUCOXoJzY;anonymous;EN;1;0;0;3;10;10;6;7;6;5;6;7;6;10;6;1;1;1;;;;1;;2;;;;;;;;;;;;;;;;;;;;;;;1;600;0;3;709089358
31-5-2018 11:15;31-5-2018 11:23;0;100;501;1;31-5-2018 11:23;R_2rHMvA5qlNPJifa;anonymous;EN;1;0;0;5;5;0;6;3;7;7;5;10;7;10;5;1;1;1;;;;1;;1;;;;;;;;;;;;;;;;;;;;;;;0;5;1;3;712379535
31-5-2018 10:39;31-5-2018 10:43;0;100;261;1;31-5-2018 10:43;R_2TsE8gc2TUW4EsI;anonymous;EN;1;0;0;5;1;10;6;1;1;5;10;5;1;10;9;1;1;1;;;;1;;1;;;;;;;;;;;;;;;;;;;;;;;5;100;0;4;726679053
31-5-2018 11:08;31-5-2018 11:18;0;100;556;1;31-5-2018 11:18;R_2arkt84SgR6sHMY;anonymous;EN;1;1;1;4;3;0;6;8;3;2;4;7;6;10;4;1;0;;;;;;;;0;;;;0;15;;;;;;;;;;;;;;;;;1;0;0;4;727214025
31-5-2018 10:40;31-5-2018 10:42;0;100;121;1;31-5-2018 10:42;R_294SffZqrhI3ajJ;anonymous;EN;1;0;0;4;3;3;6;8;10;10;10;10;10;10;10;1;0;;;;;;;;1;1;10;;;;;;;;;;;;;;;;;;;;2;50;0;3;728380728
31-5-2018 06:49;31-5-2018 06:55;0;100;367;1;31-5-2018 06:55;R_SDUxTfXjGYBFUNr;anonymous;EN;1;1;1;1;1;10;6;7;2;2;8;9;1;10;8;0;;;;;;;;;;;;;;;;0;;;;;;;;0;;;;0;;32;1;100;0;4;732374721
31-5-2018 10:44;31-5-2018 10:57;0;100;784;1;31-5-2018 10:57;R_3EQngxEpRdqUolb;anonymous;EN;1;1;0;6;5;8;6;7;7;8;8;8;6;10;8;0;;;;;;;;;;;;;;;;1;1;0;20;;;;;;;;;;;;5;200;1;4;744317933
31-5-2018 14:09;31-5-2018 14:16;0;100;445;1;31-5-2018 14:16;R_2ONp2yBNSzDaSi1;anonymous;EN;1;0;0;5;5;5;6;8;0;0;10;10;0;10;10;1;0;;;;;;;;1;1;10;;;;;;;;;;;;;;;;;;;;6;100;1;7;744978665
31-5-2018 10:53;31-5-2018 10:59;0;100;410;1;31-5-2018 10:59;R_3s1kblcxNRyNkOZ;anonymous;EN;1;1;0;3;1;5;6;2;3;8;4;7;1;10;6;1;1;0;1;;5;;;;;;;;;;;;;;;;;;;;;;;;;;2;5;1;4;752360979
31-5-2018 14:21;31-5-2018 14:34;0;100;792;1;31-5-2018 14:34;R_1LZFx9TWc2XSyWR;anonymous;EN;1;0;0;5;4;10;6;5;3;6;9;10;2;10;7;0;;;;;;;;;;;;;;;;1;1;1;;18;;;;;;;;;;;4;100;0;4;764266896
31-5-2018 05:03;31-5-2018 05:14;0;100;653;1;31-5-2018 05:14;R_3fUEDYqVgOBkVYc;anonymous;EN;1;0;0;3;3;5;6;6;3;3;7;8;5;;5;1;0;;;;;;;;1;0;;12;;;;;;;;;;;;;;;;;;;4;100;1;3;771544771
31-5-2018 12:50;31-5-2018 12:58;0;100;460;1;31-5-2018 12:58;R_33Dp0lxbempCiSh;anonymous;EN;1;1;0;0;4;5;6;1;3;1;8;10;2;10;0;1;1;1;;;;0;4;;;;;;;;;;;;;;;;;;;;;;;;1;0;0;5;776785934
31-5-2018 10:45;31-5-2018 10:53;0;100;457;1;31-5-2018 10:53;R_YQVyAuP1IcHtw8F;anonymous;EN;1;1;1;5;5;0;6;3;6;5;3;7;6;10;0;1;1;1;;;;0;4;;;;;;;;;;;;;;;;;;;;;;;;6;0;0;4;777601774
31-5-2018 13:12;31-5-2018 13:20;0;100;450;1;31-5-2018 13:20;R_2V1ExLvceW8AFO0;anonymous;EN;1;0;1;3;4;5;6;7;8;7;7;9;4;10;5;1;1;0;0;7;;;;;;;;;;;;;;;;;;;;;;;;;;;1;50;0;3;794416974
31-5-2018 11:18;31-5-2018 11:21;0;100;195;1;31-5-2018 11:21;R_3sdLCQ1dLQVxBKK;anonymous;EN;1;0;0;3;6;4;6;2;5;5;5;6;3;10;3;1;1;1;;;;1;;2;;;;;;;;;;;;;;;;;;;;;;;1;25;0;4;797496856
31-5-2018 08:25;31-5-2018 08:27;0;100;131;1;31-5-2018 08:27;R_3qVbgiQadMFPMn8;anonymous;EN;1;0;0;5;4;10;6;7;4;7;5;3;5;10;8;0;;;;;;;;;;;;;;;;0;;;;;;;;0;;;;0;;31;1;100;0;3;802087207
31-5-2018 13:12;31-5-2018 13:18;0;100;356;1;31-5-2018 13:18;R_2YqPWmVnlviDz04;anonymous;EN;1;1;1;5;5;3;6;4;2;1;9;10;0;10;8;1;1;1;;;;0;4;;;;;;;;;;;;;;;;;;;;;;;;4;100;1;3;802261568
31-5-2018 06:43;31-5-2018 06:46;0;100;225;1;31-5-2018 06:46;R_2v7YeqLbJlOFgt1;anonymous;EN;1;0;1;4;4;0;6;6;7;8;8;8;7;10;7;1;0;;;;;;;;0;;;;0;16;;;;;;;;;;;;;;;;;2;100;0;3;816985694
31-5-2018 11:04;31-5-2018 11:15;0;100;635;1;31-5-2018 11:15;R_2fcSo5Fbk8drEWj;anonymous;EN;1;0;0;10;5;0;6;4;3;3;7;9;1;10;5;1;1;1;;;;1;;1;;;;;;;;;;;;;;;;;;;;;;;4;25;1;3;819486056
31-5-2018 14:54;31-5-2018 15:09;0;100;891;1;31-5-2018 15:09;R_9U2GWuZ06l5hYw9;anonymous;EN;1;0;0;4;5;4;6;5;4;3;7;10;3;10;7;1;0;;;;;;;;0;;;;1;;14;;;;;;;;;;;;;;;;4;100;1;6;822025531
31-5-2018 11:26;31-5-2018 11:27;0;100;108;1;31-5-2018 11:27;R_1CHdrLUoxpaEClO;anonymous;EN;1;0;0;10;10;7;6;5;3;7;6;5;7;10;4;1;1;1;;;;0;4;;;;;;;;;;;;;;;;;;;;;;;;3;100;0;3;822787284
31-5-2018 12:54;31-5-2018 13:08;0;100;835;1;31-5-2018 13:08;R_us9b4Ahii552AzT;anonymous;EN;1;0;0;5;5;10;6;5;4;8;9;8;6;10;7;1;1;1;;;;0;4;;;;;;;;;;;;;;;;;;;;;;;;1;500;0;3;824309535
31-5-2018 10:42;31-5-2018 10:44;0;100;132;1;31-5-2018 10:44;R_23Scea5er0uEmvD;anonymous;EN;1;0;0;3;2;0;6;4;5;3;5;3;4;10;3;1;1;1;;;;1;;1;;;;;;;;;;;;;;;;;;;;;;;0;0;0;3;833570771
31-5-2018 04:48;31-5-2018 04:56;0;100;435;1;31-5-2018 04:56;R_xF1uS2aF1tGoSiJ;anonymous;EN;1;0;0;3;6;7;6;8;7;9;6;8;8;;7;1;0;;;;;;;;1;1;10;;;;;;;;;;;;;;;;;;;;2;100;0;3;833850029
31-5-2018 10:37;31-5-2018 10:42;0;100;312;1;31-5-2018 10:42;R_9uJLIjIR1AWo3Op;anonymous;EN;1;0;0;4;3;4;6;6;1;5;6;10;0;10;8;1;0;;;;;;;;1;1;10;;;;;;;;;;;;;;;;;;;;3;25;0;3;841024006
31-5-2018 12:56;31-5-2018 13:06;0;100;581;1;31-5-2018 13:06;R_2Pu3BpvEXWbW58t;anonymous;EN;1;0;0;4;5;3;6;2;0;0;7;9;0;10;0;1;0;;;;;;;;1;1;10;;;;;;;;;;;;;;;;;;;;2;100;0;3;843424593
31-5-2018 10:53;31-5-2018 10:57;0;100;277;1;31-5-2018 10:57;R_1ltc10nlqqjQZPJ;anonymous;EN;1;1;0;6;5;0;6;7;4;6;2;5;4;10;5;0;;;;;;;;;;;;;;;;1;0;;;;1;;21;;;;;;;;4;400;0;3;845362474
31-5-2018 04:51;31-5-2018 05:00;0;100;486;1;31-5-2018 05:00;R_1FlUatXupedxzXp;anonymous;EN;1;0;1;3;5;5;6;5;0;2;10;10;9;;8;0;;;;;;;;;;;;;;;;1;;0;20;;;;;;;;;;;;2;1000;0;7;846042612
31-5-2018 10:39;31-5-2018 10:46;0;100;435;1;31-5-2018 10:46;R_TaZ3jwj3PjEgAAV;anonymous;EN;1;0;0;5;5;3;6;0;0;0;10;10;0;10;10;1;0;;;;;;;;0;;;;0;16;;;;;;;;;;;;;;;;;3;50;1;7;851819723
31-5-2018 10:36;31-5-2018 10:42;0;100;370;1;31-5-2018 10:42;R_03stSyBFEAagx7b;anonymous;EN;1;0;0;5;4;5;6;6;6;6;8;10;5;10;4;1;0;;;;;;;;1;1;10;;;;;;;;;;;;;;;;;;;;6;200;0;3;853939872
31-5-2018 10:41;31-5-2018 10:49;0;100;463;1;31-5-2018 10:49;R_2rT4HGdqkcNGWj1;anonymous;EN;1;1;1;0;1;5;6;5;3;3;8;10;0;10;5;1;1;0;1;;6;;;;;;;;;;;;;;;;;;;;;;;;;;1;100;1;3;856918400
31-5-2018 04:54;31-5-2018 04:57;0;100;162;1;31-5-2018 04:57;R_1hLSGXzA0vJa7ni;anonymous;EN;1;0;0;3;3;1;6;7;6;7;4;5;6;;6;0;;;;;;;;;;;;;;;;1;1;1;;18;;;;;;;;;;;1;400;0;3;857223550
31-5-2018 10:54;31-5-2018 11:02;0;100;493;1;31-5-2018 11:02;R_z8ADre6z7YjIqGZ;anonymous;EN;1;1;1;2;1;1;6;1;2;1;2;9;1;10;3;1;1;1;;;;0;4;;;;;;;;;;;;;;;;;;;;;;;;4;10;0;7;859247917
31-5-2018 13:20;31-5-2018 13:27;0;100;378;1;31-5-2018 13:27;R_3FVDp6CasZBNtgd;anonymous;EN;1;1;1;5;5;4;6;5;1;2;8;9;0;10;9;0;;;;;;;;;;;;;;;;1;1;0;20;;;;;;;;;;;;3;100;1;6;859614452
31-5-2018 10:41;31-5-2018 10:48;0;100;452;1;31-5-2018 10:48;R_3p9kj0JXfS28zJ2;anonymous;EN;1;1;0;5;5;5;6;6;2;5;5;7;5;10;3;1;1;0;0;7;;;;;;;;;;;;;;;;;;;;;;;;;;;2;0;0;3;860252518
31-5-2018 14:30;31-5-2018 14:36;0;100;359;1;31-5-2018 14:36;R_TiJTm1kmh16uPRL;anonymous;EN;1;0;0;5;3;5;6;4;7;5;9;10;2;10;7;1;0;;;;;;;;1;0;;12;;;;;;;;;;;;;;;;;;;4;200;0;3;861161180
31-5-2018 10:39;31-5-2018 10:46;0;100;447;1;31-5-2018 10:46;R_2ePfF3mM5VNX05J;anonymous;EN;1;0;0;5;4;1;6;5;8;3;5;8;8;10;2;1;1;0;0;8;;;;;;;;;;;;;;;;;;;;;;;;;;;4;50;0;7;863749658
31-5-2018 10:39;31-5-2018 10:48;0;100;524;1;31-5-2018 10:48;R_2QPNhnaHolsKUbh;anonymous;EN;1;0;0;4;4;5;6;5;5;7;10;7;2;10;5;1;0;;;;;;;;0;;;;0;15;;;;;;;;;;;;;;;;;4;200;0;3;864818982
31-5-2018 14:37;31-5-2018 14:42;0;100;305;1;31-5-2018 14:42;R_1f7MXSqS00Fk1ax;anonymous;EN;1;0;0;5;5;5;6;1;5;6;6;5;5;10;5;1;1;0;0;8;;;;;;;;;;;;;;;;;;;;;;;;;;;1;100;1;3;864955857
31-5-2018 11:15;31-5-2018 11:21;0;100;343;1;31-5-2018 11:21;R_1hR7VB2cGhFLXfo;anonymous;EN;1;1;0;5;3;2;6;4;4;4;5;8;2;10;5;1;1;1;;;;0;4;;;;;;;;;;;;;;;;;;;;;;;;2;50;1;4;864974326
31-5-2018 04:56;31-5-2018 05:00;0;100;247;1;31-5-2018 05:00;R_pFCcQzycsiVklXj;anonymous;EN;1;0;1;3;3;4;6;7;8;7;6;5;8;;8;1;1;1;;;;0;4;;;;;;;;;;;;;;;;;;;;;;;;1;100;0;4;865714769
31-5-2018 15:16;31-5-2018 15:24;0;100;471;1;31-5-2018 15:24;R_1EbxJ1OeX1aIjci;anonymous;EN;1;1;1;5;5;2;6;5;6;6;9;8;3;10;5;1;0;;;;;;;;1;1;9;;;;;;;;;;;;;;;;;;;;2;10;1;3;868595576
31-5-2018 10:44;31-5-2018 10:51;0;100;422;1;31-5-2018 10:51;R_2lv2r7Fr0IBko5r;anonymous;EN;1;0;0;5;1;5;6;10;1;0;10;10;0;10;10;1;0;;;;;;;;0;;;;0;15;;;;;;;;;;;;;;;;;1;0;0;6;878394243
31-5-2018 10:38;31-5-2018 10:49;0;100;647;1;31-5-2018 10:49;R_3CBKqUiCe5F5itt;anonymous;EN;1;1;1;4;4;2;6;7;8;6;7;10;3;10;0;1;0;;;;;;;;1;1;10;;;;;;;;;;;;;;;;;;;;2;0;0;3;879381110
31-5-2018 10:40;31-5-2018 10:54;0;100;850;1;31-5-2018 10:54;R_2UazdoHo4E0G9qU;anonymous;EN;1;1;1;5;5;0;6;8;10;0;1;10;10;10;0;1;0;;;;;;;;1;1;10;;;;;;;;;;;;;;;;;;;;4;0;0;3;880306542
31-5-2018 11:08;31-5-2018 11:24;0;100;952;1;31-5-2018 11:24;R_3J2ZeZ9AcLe8Nz7;anonymous;EN;1;0;0;5;5;10;6;10;5;5;10;10;0;10;8;1;0;;;;;;;;0;;;;0;15;;;;;;;;;;;;;;;;;6;0;0;7;881167608
31-5-2018 08:17;31-5-2018 08:24;0;100;404;1;31-5-2018 08:24;R_tLDYyYrNvfuvibD;anonymous;EN;1;0;0;5;3;5;6;6;0;0;10;9;0;10;4;1;0;;;;;;;;1;1;10;;;;;;;;;;;;;;;;;;;;4;100;1;4;883272433
31-5-2018 10:45;31-5-2018 10:55;0;100;579;1;31-5-2018 10:55;R_3xZi9Sg5UJ31lJv;anonymous;EN;1;0;0;5;1;5;6;3;6;6;10;10;0;10;9;1;1;0;0;8;;;;;;;;;;;;;;;;;;;;;;;;;;;6;100;1;3;884922245
31-5-2018 10:45;31-5-2018 10:48;0;100;199;1;31-5-2018 10:48;R_ZEo6VoBTeOAj1sJ;anonymous;EN;1;0;0;5;2;5;6;2;2;2;7;10;0;10;7;1;1;1;;;;0;4;;;;;;;;;;;;;;;;;;;;;;;;3;150;1;2;892666368
31-5-2018 10:39;31-5-2018 10:55;0;100;936;1;31-5-2018 10:55;R_uwtLODQtZMRByJb;anonymous;EN;1;0;0;5;5;5;6;4;0;0;10;10;0;10;0;0;;;;;;;;;;;;;;;;1;0;;;;1;;21;;;;;;;;2;0;1;3;896831738
31-5-2018 08:52;31-5-2018 08:59;0;100;390;1;31-5-2018 08:59;R_ykd8b7d4Acd81dD;anonymous;EN;1;0;1;5;4;10;6;3;3;4;6;9;2;10;6;1;1;1;;;;0;3;;;;;;;;;;;;;;;;;;;;;;;;4;500;0;6;896915312
31-5-2018 14:22;31-5-2018 14:43;0;100;1301;1;31-5-2018 14:43;R_8joNUorOlWP1VT3;anonymous;EN;1;0;0;5;4;0;6;7;5;5;5;10;5;10;5;1;1;1;;;;0;4;;;;;;;;;;;;;;;;;;;;;;;;4;100;1;5;897840041
31-5-2018 10:37;31-5-2018 10:43;0;100;396;1;31-5-2018 10:43;R_2rYi5xL3gEGFoUc;anonymous;EN;1;1;0;5;1;5;6;3;4;6;6;6;2;10;4;1;0;;;;;;;;1;1;10;;;;;;;;;;;;;;;;;;;;3;25;1;2;901264899
31-5-2018 11:10;31-5-2018 11:20;0;100;614;1;31-5-2018 11:20;R_1Yuzom3dF4J1nFf;anonymous;EN;1;0;0;5;4;5;6;0;4;10;6;10;0;10;8;1;1;1;;;;0;4;;;;;;;;;;;;;;;;;;;;;;;;1;100;1;6;901575222
31-5-2018 10:42;31-5-2018 10:48;0;100;323;1;31-5-2018 10:48;R_334twhkG0PHMxY0;anonymous;EN;1;1;0;5;5;5;6;3;5;5;10;10;4;10;0;1;1;1;;;;0;4;;;;;;;;;;;;;;;;;;;;;;;;4;100;1;5;907107046
31-5-2018 10:59;31-5-2018 11:09;0;100;583;1;31-5-2018 11:09;R_YVmwIyTK5rAUZ4l;anonymous;EN;1;0;1;5;5;10;6;4;4;5;7;8;3;10;5;1;0;;;;;;;;1;0;;12;;;;;;;;;;;;;;;;;;;4;100;0;4;913040624
31-5-2018 10:46;31-5-2018 10:53;0;100;409;1;31-5-2018 10:53;R_33a6xPz0ihPKQuj;anonymous;EN;1;1;0;3;3;1;6;7;0;9;10;10;0;10;4;1;1;1;;;;0;3;;;;;;;;;;;;;;;;;;;;;;;;1;100;0;6;932640023
31-5-2018 10:40;31-5-2018 10:49;0;100;537;1;31-5-2018 10:49;R_5ps5dBcqpUGIQ4p;anonymous;EN;1;0;0;5;5;0;6;6;6;7;6;6;5;10;7;1;0;;;;;;;;1;1;10;;;;;;;;;;;;;;;;;;;;1;50;0;2;935055856
31-5-2018 10:38;31-5-2018 10:55;0;100;1016;1;31-5-2018 10:55;R_3GplZ3VzK1BY09I;anonymous;EN;1;0;1;2;6;6;6;7;7;8;5;7;6;10;6;0;;;;;;;;;;;;;;;;0;;;;;;;;0;;;;0;;32;3;10;1;3;940138169
31-5-2018 10:43;31-5-2018 10:50;0;100;422;1;31-5-2018 10:50;R_1FfxGrFhzojSzLS;anonymous;EN;1;0;0;5;3;5;6;1;1;1;7;10;0;10;10;1;1;1;;;;1;;2;;;;;;;;;;;;;;;;;;;;;;;5;50;1;5;940518487
31-5-2018 12:55;31-5-2018 12:59;0;100;236;1;31-5-2018 12:59;R_3phW1GGqaradlgT;anonymous;EN;1;0;0;10;7;7;6;8;6;8;4;6;5;10;3;0;;;;;;;;;;;;;;;;0;;;;;;;;1;1;;25;;;;0;100;1;6;951024115
31-5-2018 10:38;31-5-2018 10:51;0;100;782;1;31-5-2018 10:51;R_3prSwz2lO6JVFex;anonymous;EN;1;0;0;5;5;5;6;5;5;5;7;8;3;10;4;1;1;1;;;;1;;1;;;;;;;;;;;;;;;;;;;;;;;4;500;1;6;952587757
31-5-2018 11:00;31-5-2018 11:04;0;100;245;1;31-5-2018 11:04;R_1CC31KGCNSqsme9;anonymous;EN;1;0;1;2;5;5;6;3;1;0;10;10;0;10;10;1;1;1;;;;1;;1;;;;;;;;;;;;;;;;;;;;;;;2;200;1;4;960451739
31-5-2018 10:42;31-5-2018 10:52;0;100;588;1;31-5-2018 10:52;R_2VKBwIrTeEfbvKV;anonymous;EN;1;0;0;1;5;2;6;2;1;0;6;7;0;10;0;1;0;;;;;;;;0;;;;0;15;;;;;;;;;;;;;;;;;4;0;1;3;966887802
31-5-2018 13:00;31-5-2018 13:04;0;100;229;1;31-5-2018 13:04;R_2R4vvtOyo5IDtrf;anonymous;EN;1;0;0;2;6;0;6;6;10;10;5;10;5;10;0;1;0;;;;;;;;1;0;;12;;;;;;;;;;;;;;;;;;;1;0;0;3;967471134
31-5-2018 04:32;31-5-2018 04:38;0;100;346;1;31-5-2018 04:38;R_3M6AFlrnlRstklr;anonymous;EN;1;0;0;10;8;0;6;6;10;10;1;5;8;;1;0;;;;;;;;;;;;;;;;1;1;1;;18;;;;;;;;;;;0;0;0;3;979802547
31-5-2018 10:45;31-5-2018 10:50;0;100;290;1;31-5-2018 10:50;R_10xycvn3nFvmZZ4;anonymous;EN;1;0;0;5;5;8;6;2;2;3;7;6;1;10;8;1;1;0;1;;6;;;;;;;;;;;;;;;;;;;;;;;;;;2;100;1;5;984934960
31-5-2018 10:36;31-5-2018 10:45;0;100;514;1;31-5-2018 10:45;R_8zSzQQWa6Mi7DdT;anonymous;EN;1;0;0;5;5;5;6;2;1;2;6;8;0;10;2;1;0;;;;;;;;0;;;;0;15;;;;;;;;;;;;;;;;;4;100;0;3;987282540
31-5-2018 11:27;31-5-2018 11:33;0;100;374;1;31-5-2018 11:33;R_1pQAU5GHZiXw5Yw;anonymous;EN;1;0;0;5;5;5;6;7;8;5;8;6;1;10;7;0;;;;;;;;;;;;;;;;0;;;;;;;;0;;;;0;;32;3;250;1;3;992570526
31-5-2018 10:38;31-5-2018 10:47;0;100;555;1;31-5-2018 10:47;R_30nPnErmDqzHteU;anonymous;EN;1;1;1;5;4;1;6;3;6;7;8;7;6;10;6;1;0;;;;;;;;1;1;10;;;;;;;;;;;;;;;;;;;;3;100;1;3;999130295
31-5-2018 04:32;31-5-2018 04:38;0;100;368;1;31-5-2018 04:38;R_1fa6fLOraDYgbrg;anonymous;EN;1;0;0;5;1;6;5;;;;;;;;;;;;;;;;;;;;;;;;;;;;;;;;;;;;;;;;;;;;
31-5-2018 04:40;31-5-2018 04:43;0;100;138;1;31-5-2018 04:43;R_2rDgU1Uh9RzszLa;anonymous;EN;1;0;0;3;3;10;10;;;;;;;;;;;;;;;;;;;;;;;;;;;;;;;;;;;;;;;;;;;;
31-5-2018 04:39;31-5-2018 04:52;0;100;779;1;31-5-2018 04:52;R_C3pvBz5X7UhxkfD;anonymous;EN;1;0;0;3;5;2;5;;;;;;;;;;;;;;;;;;;;;;;;;;;;;;;;;;;;;;;;;;;;
31-5-2018 06:40;31-5-2018 06:42;0;100;117;1;31-5-2018 06:42;R_3RqitMbhf5i51pW;anonymous;EN;1;0;0;3;3;7;8;;;;;;;;;;;;;;;;;;;;;;;;;;;;;;;;;;;;;;;;;;;;
31-5-2018 06:43;31-5-2018 06:45;0;100;127;1;31-5-2018 06:45;R_RluUyhOAmUWs2FH;anonymous;EN;1;0;0;5;3;5;8;;;;;;;;;;;;;;;;;;;;;;;;;;;;;;;;;;;;;;;;;;;;
31-5-2018 06:41;31-5-2018 06:45;0;100;271;1;31-5-2018 06:46;R_2t04sd3brrt6bDp;anonymous;EN;1;0;0;5;3;7;6;9;5;4;8;7;7;7;7;;;;;;;;;;;;;;;;;;;;;;;;;;;;;;;;;;;;
31-5-2018 06:46;31-5-2018 06:47;0;100;29;1;31-5-2018 06:47;R_2TI8U4pv6QQ7ZEQ;anonymous;EN;1;0;0;4;6;4;3;;;;;;;;;;;;;;;;;;;;;;;;;;;;;;;;;;;;;;;;;;;;
31-5-2018 06:49;31-5-2018 06:49;0;100;29;1;31-5-2018 06:49;R_2CvlDqFPIGXYPfR;anonymous;EN;1;0;0;3;3;3;3;;;;;;;;;;;;;;;;;;;;;;;;;;;;;;;;;;;;;;;;;;;;
31-5-2018 06:48;31-5-2018 06:50;0;100;93;1;31-5-2018 06:50;R_2wgCr6sKYHzo3Rb;anonymous;EN;1;0;0;5;5;10;10;;;;;;;;;;;;;;;;;;;;;;;;;;;;;;;;;;;;;;;;;;;;
31-5-2018 06:55;31-5-2018 06:56;0;100;59;1;31-5-2018 06:56;R_3lVJSiBjTz0Evc9;anonymous;EN;1;0;0;1;2;0;1;;;;;;;;;;;;;;;;;;;;;;;;;;;;;;;;;;;;;;;;;;;;
31-5-2018 06:55;31-5-2018 06:56;0;100;69;1;31-5-2018 06:56;R_2OJXdMlBTniuUun;anonymous;EN;1;0;1;5;5;10;8;;;;;;;;;;;;;;;;;;;;;;;;;;;;;;;;;;;;;;;;;;;;
31-5-2018 06:51;31-5-2018 06:59;0;100;447;1;31-5-2018 06:59;R_25KGQ9i1Eqw5dhn;anonymous;EN;1;0;0;6;5;10;6;6;6;6;8;7;6;7;7;;;;;;;;;;;;;;;;;;;;;;;;;;;;;;;;;;;;
31-5-2018 07:16;31-5-2018 07:17;0;100;84;1;31-5-2018 07:17;R_2OMSQP1enJvG72W;anonymous;EN;1;0;0;5;5;5;5;;;;;;;;;;;;;;;;;;;;;;;;;;;;;;;;;;;;;;;;;;;;
31-5-2018 07:12;31-5-2018 07:20;0;100;505;1;31-5-2018 07:20;R_1CftGriV5jLairX;anonymous;EN;1;0;1;7;3;7;8;;;;;;;;;;;;;;;;;;;;;;;;;;;;;;;;;;;;;;;;;;;;
31-5-2018 07:24;31-5-2018 07:29;0;100;335;1;31-5-2018 07:29;R_3Eot8cvKWKOQlFE;anonymous;EN;1;0;1;5;10;10;10;;;;;;;;;;;;;;;;;;;;;;;;;;;;;;;;;;;;;;;;;;;;
31-5-2018 07:50;31-5-2018 07:52;0;100;131;1;31-5-2018 07:52;R_3IcWVOhRmHc6boA;anonymous;EN;1;0;0;9;7;5;9;;;;;;;;;;;;;;;;;;;;;;;;;;;;;;;;;;;;;;;;;;;;
31-5-2018 08:17;31-5-2018 08:19;0;100;134;1;31-5-2018 08:19;R_QlBr8dR1VYUBiHn;anonymous;EN;1;0;0;10;1;10;10;;;;;;;;;;;;;;;;;;;;;;;;;;;;;;;;;;;;;;;;;;;;
31-5-2018 08:19;31-5-2018 08:22;0;100;157;1;31-5-2018 08:22;R_6EWMRUMwLOLu5bz;anonymous;EN;1;0;1;4;5;10;5;;;;;;;;;;;;;;;;;;;;;;;;;;;;;;;;;;;;;;;;;;;;
31-5-2018 08:24;31-5-2018 08:25;0;100;74;1;31-5-2018 08:25;R_2EmjH9DAcbptMIr;anonymous;EN;1;0;0;2;5;6;8;;;;;;;;;;;;;;;;;;;;;;;;;;;;;;;;;;;;;;;;;;;;
31-5-2018 08:29;31-5-2018 08:30;0;100;76;1;31-5-2018 08:30;R_PB5AsNeugThY8F3;anonymous;EN;1;0;0;3;3;5;5;;;;;;;;;;;;;;;;;;;;;;;;;;;;;;;;;;;;;;;;;;;;
31-5-2018 08:29;31-5-2018 08:48;0;100;1131;1;31-5-2018 08:48;R_UaJ8dBajeuBkzVn;anonymous;EN;1;0;0;5;4;8;5;;;;;;;;;;;;;;;;;;;;;;;;;;;;;;;;;;;;;;;;;;;;
31-5-2018 09:18;31-5-2018 09:21;0;100;193;1;31-5-2018 09:21;R_s58xQt0UkvMeH8l;anonymous;EN;1;0;0;3;5;5;5;;;;;;;;;;;;;;;;;;;;;;;;;;;;;;;;;;;;;;;;;;;;
31-5-2018 09:24;31-5-2018 09:25;0;100;59;1;31-5-2018 09:25;R_2amF00sMwFGongy;anonymous;EN;1;0;0;7;3;4;5;;;;;;;;;;;;;;;;;;;;;;;;;;;;;;;;;;;;;;;;;;;;
31-5-2018 09:26;31-5-2018 09:28;0;100;98;1;31-5-2018 09:28;R_qCqyVg2qADFXkhr;anonymous;EN;1;0;0;3;4;7;10;;;;;;;;;;;;;;;;;;;;;;;;;;;;;;;;;;;;;;;;;;;;
31-5-2018 09:33;31-5-2018 09:34;0;100;58;1;31-5-2018 09:34;R_bJmcFQzc5y1Gi9H;anonymous;EN;1;0;0;8;3;4;6;6;3;8;9;8;8;9;10;;;;;;;;;;;;;;;;;;;;;;;;;;;;;;;;;;;;
31-5-2018 09:38;31-5-2018 09:39;0;100;65;1;31-5-2018 09:39;R_271FXA5lOVFUX5X;anonymous;EN;1;0;0;3;3;3;5;;;;;;;;;;;;;;;;;;;;;;;;;;;;;;;;;;;;;;;;;;;;
31-5-2018 10:36;31-5-2018 10:37;0;100;61;1;31-5-2018 10:37;R_3JkEmHnZNyhBnMt;anonymous;EN;1;0;1;4;1;2;3;;;;;;;;;;;;;;;;;;;;;;;;;;;;;;;;;;;;;;;;;;;;
31-5-2018 10:37;31-5-2018 10:37;0;100;38;1;31-5-2018 10:37;R_PHd9qrnZH8wwSKB;anonymous;EN;1;0;0;0;5;5;5;;;;;;;;;;;;;;;;;;;;;;;;;;;;;;;;;;;;;;;;;;;;
31-5-2018 10:36;31-5-2018 10:38;0;100;116;1;31-5-2018 10:38;R_20UaFQUMSvczedB;anonymous;EN;1;0;1;2;1;2;1;;;;;;;;;;;;;;;;;;;;;;;;;;;;;;;;;;;;;;;;;;;;
31-5-2018 10:36;31-5-2018 10:39;0;100;143;1;31-5-2018 10:39;R_2SHtO3m7itI43m0;anonymous;EN;1;1;0;5;5;5;5;;;;;;;;;;;;;;;;;;;;;;;;;;;;;;;;;;;;;;;;;;;;
31-5-2018 10:39;31-5-2018 10:40;0;100;61;1;31-5-2018 10:40;R_xo60oVstdtnBgQx;anonymous;EN;1;0;0;5;4;3;5;;;;;;;;;;;;;;;;;;;;;;;;;;;;;;;;;;;;;;;;;;;;
31-5-2018 10:38;31-5-2018 10:40;0;100;103;1;31-5-2018 10:40;R_1geATBN9B245erL;anonymous;EN;1;0;0;5;5;5;5;;;;;;;;;;;;;;;;;;;;;;;;;;;;;;;;;;;;;;;;;;;;
31-5-2018 10:39;31-5-2018 10:40;0;100;64;1;31-5-2018 10:40;R_1jcxaHOWnENBrm0;anonymous;EN;1;0;0;3;3;1;1;;;;;;;;;;;;;;;;;;;;;;;;;;;;;;;;;;;;;;;;;;;;
31-5-2018 10:39;31-5-2018 10:41;0;100;90;1;31-5-2018 10:41;R_zThYGgSEF9MjuXn;anonymous;EN;1;0;0;4;3;5;5;;;;;;;;;;;;;;;;;;;;;;;;;;;;;;;;;;;;;;;;;;;;
31-5-2018 10:39;31-5-2018 10:41;0;100;94;1;31-5-2018 10:41;R_2vZERiclEg20GRp;anonymous;EN;1;0;0;5;4;5;8;;;;;;;;;;;;;;;;;;;;;;;;;;;;;;;;;;;;;;;;;;;;
31-5-2018 10:41;31-5-2018 10:41;0;100;30;1;31-5-2018 10:41;R_1DItSImqruiPqJD;anonymous;EN;1;0;0;1;3;1;2;;;;;;;;;;;;;;;;;;;;;;;;;;;;;;;;;;;;;;;;;;;;
31-5-2018 10:40;31-5-2018 10:42;0;100;88;1;31-5-2018 10:42;R_2ZEzX9ajb8MyvL8;anonymous;EN;1;0;0;3;3;8;3;;;;;;;;;;;;;;;;;;;;;;;;;;;;;;;;;;;;;;;;;;;;
31-5-2018 10:39;31-5-2018 10:42;0;100;183;1;31-5-2018 10:42;R_2eWO35Fdz3PxOo2;anonymous;EN;1;0;0;5;5;5;5;;;;;;;;;;;;;;;;;;;;;;;;;;;;;;;;;;;;;;;;;;;;
31-5-2018 10:38;31-5-2018 10:42;0;100;247;1;31-5-2018 10:42;R_7VWjzKsWbms5hiF;anonymous;EN;1;0;0;5;5;2;2;;;;;;;;;;;;;;;;;;;;;;;;;;;;;;;;;;;;;;;;;;;;
31-5-2018 10:39;31-5-2018 10:42;0;100;185;1;31-5-2018 10:42;R_1qeAb3RESyLU9sJ;anonymous;EN;1;0;0;5;5;5;5;;;;;;;;;;;;;;;;;;;;;;;;;;;;;;;;;;;;;;;;;;;;
31-5-2018 10:39;31-5-2018 10:43;0;100;236;1;31-5-2018 10:43;R_0cVloVn3z4z3rtn;anonymous;EN;1;0;0;0;5;10;10;;;;;;;;;;;;;;;;;;;;;;;;;;;;;;;;;;;;;;;;;;;;
31-5-2018 10:38;31-5-2018 10:43;0;100;299;1;31-5-2018 10:43;R_2zirMgRtf9JLg43;anonymous;EN;1;0;0;2;2;5;3;;;;;;;;;;;;;;;;;;;;;;;;;;;;;;;;;;;;;;;;;;;;
31-5-2018 10:40;31-5-2018 10:43;0;100;189;1;31-5-2018 10:43;R_1GwZUtQs4T8z0Ov;anonymous;EN;1;0;0;2;2;2;1;;;;;;;;;;;;;;;;;;;;;;;;;;;;;;;;;;;;;;;;;;;;
31-5-2018 10:41;31-5-2018 10:43;0;100;154;1;31-5-2018 10:43;R_3HowiCkhk1bdDkz;anonymous;EN;1;1;1;4;7;0;10;;;;;;;;;;;;;;;;;;;;;;;;;;;;;;;;;;;;;;;;;;;;
31-5-2018 10:43;31-5-2018 10:43;0;100;50;1;31-5-2018 10:43;R_3j1Ed5t01GR9kta;anonymous;EN;1;0;0;5;5;5;5;;;;;;;;;;;;;;;;;;;;;;;;;;;;;;;;;;;;;;;;;;;;
31-5-2018 10:42;31-5-2018 10:44;0;100;99;1;31-5-2018 10:44;R_1r1HboRkjb6NSNn;anonymous;EN;1;0;0;5;5;5;5;;;;;;;;;;;;;;;;;;;;;;;;;;;;;;;;;;;;;;;;;;;;
31-5-2018 10:43;31-5-2018 10:44;0;100;85;1;31-5-2018 10:44;R_2X1jEBmKRpJPnHW;anonymous;EN;1;0;0;5;4;10;10;;;;;;;;;;;;;;;;;;;;;;;;;;;;;;;;;;;;;;;;;;;;
31-5-2018 10:44;31-5-2018 10:45;0;100;66;1;31-5-2018 10:45;R_1FaJTN7pElXiUEq;anonymous;EN;1;0;0;4;3;2;1;;;;;;;;;;;;;;;;;;;;;;;;;;;;;;;;;;;;;;;;;;;;
31-5-2018 10:41;31-5-2018 10:45;0;100;229;1;31-5-2018 10:45;R_3JlcEBEMU5izaxR;anonymous;EN;1;0;0;5;5;5;5;;;;;;;;;;;;;;;;;;;;;;;;;;;;;;;;;;;;;;;;;;;;
31-5-2018 10:44;31-5-2018 10:46;0;100;95;1;31-5-2018 10:46;R_31SNRDwEEisa6PF;anonymous;EN;1;1;1;3;5;0;1;;;;;;;;;;;;;;;;;;;;;;;;;;;;;;;;;;;;;;;;;;;;
31-5-2018 10:45;31-5-2018 10:46;0;100;57;1;31-5-2018 10:46;R_1n29cO7uQ9z0yI7;anonymous;EN;1;0;0;4;7;7;6;8;8;8;8;7;7;7;7;;;;;;;;;;;;;;;;;;;;;;;;;;;;;;;;;;;;
31-5-2018 10:43;31-5-2018 10:46;0;100;183;1;31-5-2018 10:46;R_3MPWqwoq2G5Fpdi;anonymous;EN;1;0;0;5;3;6;5;;;;;;;;;;;;;;;;;;;;;;;;;;;;;;;;;;;;;;;;;;;;
31-5-2018 10:43;31-5-2018 10:47;0;100;249;1;31-5-2018 10:47;R_1jN6nd0CH7AjOIu;anonymous;EN;1;0;0;3;3;6;3;;;;;;;;;;;;;;;;;;;;;;;;;;;;;;;;;;;;;;;;;;;;
31-5-2018 10:42;31-5-2018 10:47;0;100;316;1;31-5-2018 10:47;R_1r1GoTPqlHarzYo;anonymous;EN;1;0;1;3;5;10;1;;;;;;;;;;;;;;;;;;;;;;;;;;;;;;;;;;;;;;;;;;;;
31-5-2018 10:47;31-5-2018 10:48;0;100;35;1;31-5-2018 10:48;R_3rFWKNIQJ8qyEkV;anonymous;EN;1;0;0;4;5;7;10;;;;;;;;;;;;;;;;;;;;;;;;;;;;;;;;;;;;;;;;;;;;
31-5-2018 10:47;31-5-2018 10:49;0;100;94;1;31-5-2018 10:49;R_2QtuSV6DUKcC4q7;anonymous;EN;1;1;1;4;3;4;1;;;;;;;;;;;;;;;;;;;;;;;;;;;;;;;;;;;;;;;;;;;;
31-5-2018 10:49;31-5-2018 10:49;0;100;33;1;31-5-2018 10:49;R_2ZWVVlGwNNDrcu2;anonymous;EN;1;0;0;2;2;3;2;;;;;;;;;;;;;;;;;;;;;;;;;;;;;;;;;;;;;;;;;;;;
31-5-2018 10:48;31-5-2018 10:49;0;100;76;1;31-5-2018 10:49;R_3G3qetSNQtk4QVS;anonymous;EN;1;1;0;4;6;3;3;;;;;;;;;;;;;;;;;;;;;;;;;;;;;;;;;;;;;;;;;;;;
31-5-2018 10:48;31-5-2018 10:50;0;100;101;1;31-5-2018 10:50;R_AsORvGONcUQmyIx;anonymous;EN;1;1;1;3;4;5;8;;;;;;;;;;;;;;;;;;;;;;;;;;;;;;;;;;;;;;;;;;;;
31-5-2018 10:39;31-5-2018 10:52;0;100;775;1;31-5-2018 10:52;R_2TmYRaqzEY2xauu;anonymous;EN;1;1;1;0;5;0;1;;;;;;;;;;;;;;;;;;;;;;;;;;;;;;;;;;;;;;;;;;;;
31-5-2018 10:47;31-5-2018 10:52;0;100;332;1;31-5-2018 10:52;R_3lVPxzZWXxIp4Ax;anonymous;EN;1;1;0;3;7;4;6;8;3;5;5;6;1;7;1;;;;;;;;;;;;;;;;;;;;;;;;;;;;;;;;;;;;
31-5-2018 10:53;31-5-2018 10:54;0;100;40;1;31-5-2018 10:54;R_1PRIposwgFmPtWf;anonymous;EN;1;1;1;5;5;5;5;;;;;;;;;;;;;;;;;;;;;;;;;;;;;;;;;;;;;;;;;;;;
31-5-2018 10:54;31-5-2018 10:55;0;100;36;1;31-5-2018 10:55;R_2rkYCCo8rK77uV3;anonymous;EN;1;0;0;6;4;5;5;;;;;;;;;;;;;;;;;;;;;;;;;;;;;;;;;;;;;;;;;;;;
31-5-2018 10:56;31-5-2018 10:57;0;100;74;1;31-5-2018 10:58;R_1GBrmFllzvRQvdW;anonymous;EN;1;0;0;0;5;0;1;;;;;;;;;;;;;;;;;;;;;;;;;;;;;;;;;;;;;;;;;;;;
31-5-2018 10:47;31-5-2018 10:58;0;100;704;1;31-5-2018 10:58;R_2UirZc4655z5VER;anonymous;EN;1;0;0;5;5;5;5;;;;;;;;;;;;;;;;;;;;;;;;;;;;;;;;;;;;;;;;;;;;
31-5-2018 10:57;31-5-2018 10:59;0;100;125;1;31-5-2018 10:59;R_2vkoKuhuzVWfQWv;anonymous;EN;1;1;1;5;5;0;1;;;;;;;;;;;;;;;;;;;;;;;;;;;;;;;;;;;;;;;;;;;;
31-5-2018 10:59;31-5-2018 11:00;0;100;74;1;31-5-2018 11:00;R_3IXH9MIDLXJ4usB;anonymous;EN;1;0;1;3;3;10;10;;;;;;;;;;;;;;;;;;;;;;;;;;;;;;;;;;;;;;;;;;;;
31-5-2018 10:55;31-5-2018 11:00;0;100;302;1;31-5-2018 11:00;R_2PiCky360dTjExe;anonymous;EN;1;1;0;5;5;0;10;;;;;;;;;;;;;;;;;;;;;;;;;;;;;;;;;;;;;;;;;;;;
31-5-2018 10:51;31-5-2018 11:01;0;100;628;1;31-5-2018 11:01;R_27qTm2GLTSMOmh2;anonymous;EN;1;1;1;10;5;5;5;;;;;;;;;;;;;;;;;;;;;;;;;;;;;;;;;;;;;;;;;;;;
31-5-2018 11:02;31-5-2018 11:03;0;100;77;1;31-5-2018 11:03;R_3GCD1FLXnGhX8pY;anonymous;EN;1;0;0;6;7;4;8;;;;;;;;;;;;;;;;;;;;;;;;;;;;;;;;;;;;;;;;;;;;
31-5-2018 11:01;31-5-2018 11:05;0;100;217;1;31-5-2018 11:05;R_VVIZ1oIYafrEB33;anonymous;EN;1;0;1;5;1;5;5;;;;;;;;;;;;;;;;;;;;;;;;;;;;;;;;;;;;;;;;;;;;
31-5-2018 11:08;31-5-2018 11:10;0;100;125;1;31-5-2018 11:10;R_Xhxq0wxtFZV23Ml;anonymous;EN;1;0;0;5;5;5;5;;;;;;;;;;;;;;;;;;;;;;;;;;;;;;;;;;;;;;;;;;;;
31-5-2018 11:09;31-5-2018 11:10;0;100;97;1;31-5-2018 11:10;R_A1CKanHafqvl8Hf;anonymous;EN;1;0;0;7;9;6;8;;;;;;;;;;;;;;;;;;;;;;;;;;;;;;;;;;;;;;;;;;;;
31-5-2018 11:14;31-5-2018 11:16;0;100;105;1;31-5-2018 11:16;R_72Jxm7ycynExLTX;anonymous;EN;1;1;0;4;5;10;1;;;;;;;;;;;;;;;;;;;;;;;;;;;;;;;;;;;;;;;;;;;;
31-5-2018 11:15;31-5-2018 11:16;0;100;80;1;31-5-2018 11:17;R_31XFfdqZZQ7nHwK;anonymous;EN;1;0;0;0;1;0;1;;;;;;;;;;;;;;;;;;;;;;;;;;;;;;;;;;;;;;;;;;;;
31-5-2018 11:12;31-5-2018 11:17;0;100;331;1;31-5-2018 11:17;R_25MHax3HxWTjmfL;anonymous;EN;1;1;1;4;4;7;8;;;;;;;;;;;;;;;;;;;;;;;;;;;;;;;;;;;;;;;;;;;;
31-5-2018 11:17;31-5-2018 11:17;8;100;47;1;31-5-2018 11:18;R_b321Y0Yo9DRsqSl;anonymous;EN;1;0;0;0;1;0;1;;;;;;;;;;;;;;;;;;;;;;;;;;;;;;;;;;;;;;;;;;;;
31-5-2018 11:16;31-5-2018 11:20;0;100;229;1;31-5-2018 11:20;R_2zq1lhc8NlIk6qr;anonymous;EN;1;0;1;2;2;1;1;;;;;;;;;;;;;;;;;;;;;;;;;;;;;;;;;;;;;;;;;;;;
31-5-2018 11:15;31-5-2018 11:21;0;100;370;1;31-5-2018 11:21;R_2xY93CHnrTHySSW;anonymous;EN;1;0;0;6;4;6;10;;;;;;;;;;;;;;;;;;;;;;;;;;;;;;;;;;;;;;;;;;;;
31-5-2018 11:21;31-5-2018 11:23;0;100;129;1;31-5-2018 11:23;R_2vY53WGjyiZQ4gl;anonymous;EN;1;0;1;3;4;2;3;;;;;;;;;;;;;;;;;;;;;;;;;;;;;;;;;;;;;;;;;;;;
31-5-2018 11:21;31-5-2018 11:25;0;100;191;1;31-5-2018 11:25;R_3suHgGrJdHINj4p;anonymous;EN;1;0;0;3;7;10;8;;;;;;;;;;;;;;;;;;;;;;;;;;;;;;;;;;;;;;;;;;;;
31-5-2018 11:14;31-5-2018 11:25;0;100;690;1;31-5-2018 11:25;R_1NtDV6TZA1bQr5R;anonymous;EN;1;0;1;10;10;10;10;;;;;;;;;;;;;;;;;;;;;;;;;;;;;;;;;;;;;;;;;;;;
31-5-2018 11:27;31-5-2018 11:30;0;100;197;1;31-5-2018 11:30;R_vObLJURiT57Jrs5;anonymous;EN;1;0;0;5;5;2;1;;;;;;;;;;;;;;;;;;;;;;;;;;;;;;;;;;;;;;;;;;;;
31-5-2018 11:34;31-5-2018 11:35;0;100;88;1;31-5-2018 11:35;R_2EFUC7azyTPw840;anonymous;EN;1;0;0;1;1;1;3;;;;;;;;;;;;;;;;;;;;;;;;;;;;;;;;;;;;;;;;;;;;
31-5-2018 11:36;31-5-2018 11:45;0;100;539;1;31-5-2018 11:45;R_33scAzhj0q6jkUK;anonymous;EN;1;0;0;5;1;10;10;;;;;;;;;;;;;;;;;;;;;;;;;;;;;;;;;;;;;;;;;;;;
31-5-2018 11:45;31-5-2018 11:47;0;100;116;1;31-5-2018 11:47;R_9EO7y1fNVkrRPX3;anonymous;EN;1;0;0;5;5;6;5;;;;;;;;;;;;;;;;;;;;;;;;;;;;;;;;;;;;;;;;;;;;
31-5-2018 11:47;31-5-2018 11:48;0;100;87;1;31-5-2018 11:48;R_bPBSn4Y7QcYHmUh;anonymous;EN;1;0;0;5;5;5;5;;;;;;;;;;;;;;;;;;;;;;;;;;;;;;;;;;;;;;;;;;;;
31-5-2018 12:02;31-5-2018 12:05;0;100;196;1;31-5-2018 12:05;R_2Wvgtaol5YbkedC;anonymous;EN;1;0;0;5;5;1;5;;;;;;;;;;;;;;;;;;;;;;;;;;;;;;;;;;;;;;;;;;;;
31-5-2018 12:16;31-5-2018 12:19;0;100;180;1;31-5-2018 12:19;R_ZDZUpeZpjF4IMeZ;anonymous;EN;1;0;1;2;4;2;5;;;;;;;;;;;;;;;;;;;;;;;;;;;;;;;;;;;;;;;;;;;;
31-5-2018 12:19;31-5-2018 12:21;0;100;139;1;31-5-2018 12:21;R_A4FtdwrNSbcn1zX;anonymous;EN;1;0;0;1;2;1;1;;;;;;;;;;;;;;;;;;;;;;;;;;;;;;;;;;;;;;;;;;;;
31-5-2018 12:21;31-5-2018 12:21;0;100;51;1;31-5-2018 12:21;R_1nQ6pj1rQN3NVc0;anonymous;EN;1;0;0;3;8;6;5;;;;;;;;;;;;;;;;;;;;;;;;;;;;;;;;;;;;;;;;;;;;
31-5-2018 12:21;31-5-2018 12:22;0;100;14;1;31-5-2018 12:22;R_tEY8UIVERSwhrVL;anonymous;EN;1;0;1;1;1;2;1;;;;;;;;;;;;;;;;;;;;;;;;;;;;;;;;;;;;;;;;;;;;
31-5-2018 12:25;31-5-2018 12:26;0;100;28;1;31-5-2018 12:26;R_r39Gjpi7fKekHcd;anonymous;EN;1;0;0;2;1;3;1;;;;;;;;;;;;;;;;;;;;;;;;;;;;;;;;;;;;;;;;;;;;
31-5-2018 12:26;31-5-2018 12:29;0;100;151;1;31-5-2018 12:29;R_1i4EML4PdT98AH4;anonymous;EN;1;0;0;3;4;0;6;5;5;6;5;6;6;6;6;;;;;;;;;;;;;;;;;;;;;;;;;;;;;;;;;;;;
31-5-2018 12:35;31-5-2018 12:37;0;100;116;1;31-5-2018 12:37;R_3PM0nfFqIvNCIw9;anonymous;EN;1;0;0;5;5;10;5;;;;;;;;;;;;;;;;;;;;;;;;;;;;;;;;;;;;;;;;;;;;
31-5-2018 12:38;31-5-2018 12:42;0;100;273;1;31-5-2018 12:43;R_1oc2uXfgPVYGJ5j;anonymous;EN;1;0;0;3;5;0;5;;;;;;;;;;;;;;;;;;;;;;;;;;;;;;;;;;;;;;;;;;;;
31-5-2018 12:57;31-5-2018 12:59;0;100;148;1;31-5-2018 12:59;R_2dFqHCd3nVBQTw5;anonymous;EN;1;0;0;1;6;0;1;;;;;;;;;;;;;;;;;;;;;;;;;;;;;;;;;;;;;;;;;;;;
31-5-2018 13:36;31-5-2018 13:36;0;100;34;1;31-5-2018 13:36;R_3OjZmYOc7cqxUwq;anonymous;EN;1;0;1;3;2;3;3;;;;;;;;;;;;;;;;;;;;;;;;;;;;;;;;;;;;;;;;;;;;
31-5-2018 13:39;31-5-2018 13:49;0;100;643;1;31-5-2018 13:49;R_XiFFyj2WyLroTJf;anonymous;EN;1;0;0;3;2;3;3;;;;;;;;;;;;;;;;;;;;;;;;;;;;;;;;;;;;;;;;;;;;
31-5-2018 13:29;31-5-2018 13:50;0;100;1299;1;31-5-2018 13:50;R_w4O2p11q1MEZ0LD;anonymous;EN;1;0;0;2;3;7;3;;;;;;;;;;;;;;;;;;;;;;;;;;;;;;;;;;;;;;;;;;;;
31-5-2018 13:52;31-5-2018 13:52;0;100;50;1;31-5-2018 13:52;R_3h4LXNad2DCAFa1;anonymous;EN;1;0;0;4;4;3;5;;;;;;;;;;;;;;;;;;;;;;;;;;;;;;;;;;;;;;;;;;;;
31-5-2018 13:53;31-5-2018 13:54;0;100;104;1;31-5-2018 13:54;R_2S69n0NZOsMRgsB;anonymous;EN;1;0;0;2;10;10;10;;;;;;;;;;;;;;;;;;;;;;;;;;;;;;;;;;;;;;;;;;;;
31-5-2018 13:53;31-5-2018 13:56;0;100;164;1;31-5-2018 13:56;R_9God1EEksVZaeEp;anonymous;EN;1;0;1;3;4;5;5;;;;;;;;;;;;;;;;;;;;;;;;;;;;;;;;;;;;;;;;;;;;
31-5-2018 13:54;31-5-2018 14:12;0;100;1039;1;31-5-2018 14:12;R_2VPAsTEIl3H3qes;anonymous;EN;1;0;1;3;3;10;6;10;3;5;8;3;6;7;3;;;;;;;;;;;;;;;;;;;;;;;;;;;;;;;;;;;;
31-5-2018 14:20;31-5-2018 14:21;0;100;62;1;31-5-2018 14:21;R_ebzbHsy3ntIavZf;anonymous;EN;1;0;0;5;5;1;5;;;;;;;;;;;;;;;;;;;;;;;;;;;;;;;;;;;;;;;;;;;;
31-5-2018 14:21;31-5-2018 14:24;0;100;181;1;31-5-2018 14:24;R_2wKtuDdYR1OAKIX;anonymous;EN;1;1;0;3;7;10;6;9;5;3;8;7;7;7;7;;;;;;;;;;;;;;;;;;;;;;;;;;;;;;;;;;;;
31-5-2018 14:38;31-5-2018 14:41;0;100;183;1;31-5-2018 14:41;R_Tp8cx9Fb2zmAKs1;anonymous;EN;1;0;0;3;3;3;3;;;;;;;;;;;;;;;;;;;;;;;;;;;;;;;;;;;;;;;;;;;;
31-5-2018 14:39;31-5-2018 14:49;0;100;581;1;31-5-2018 14:49;R_1kFTMRE9o8w7EJ6;anonymous;EN;1;0;1;7;4;8;5;;;;;;;;;;;;;;;;;;;;;;;;;;;;;;;;;;;;;;;;;;;;
31-5-2018 14:50;31-5-2018 14:53;0;100;194;1;31-5-2018 14:53;R_3QYlQzeGs6hLGtA;anonymous;EN;1;0;0;3;2;1;3;;;;;;;;;;;;;;;;;;;;;;;;;;;;;;;;;;;;;;;;;;;;
31-5-2018 14:54;31-5-2018 14:55;0;100;64;1;31-5-2018 14:55;R_eqWVFQyRxiTD4Yh;anonymous;EN;1;0;0;6;3;3;5;;;;;;;;;;;;;;;;;;;;;;;;;;;;;;;;;;;;;;;;;;;;
31-5-2018 15:17;31-5-2018 15:22;0;100;277;1;31-5-2018 15:22;R_qwSdrEolGtRJgo9;anonymous;EN;1;1;0;5;1;3;5;;;;;;;;;;;;;;;;;;;;;;;;;;;;;;;;;;;;;;;;;;;;
31-5-2018 15:25;31-5-2018 15:31;0;100;397;1;31-5-2018 15:31;R_2xyqvFHws6Q3IDN;anonymous;EN;1;0;1;3;5;10;5;;;;;;;;;;;;;;;;;;;;;;;;;;;;;;;;;;;;;;;;;;;;
